"entidadFed","date","movilidad"
1,"15/02/2020",0.0075
1,"16/02/2020",0.045
1,"17/02/2020",0.025
1,"18/02/2020",0.0075
1,"19/02/2020",0.01
1,"20/02/2020",0.015
1,"21/02/2020",0
1,"22/02/2020",-0.0275
1,"23/02/2020",-0.0125
1,"24/02/2020",0.005
1,"25/02/2020",-0.0175
1,"26/02/2020",-0.015
1,"27/02/2020",0.025
1,"28/02/2020",0.0325
1,"29/02/2020",0.0425
1,"01/03/2020",0.0475
1,"02/03/2020",0.0275
1,"03/03/2020",-0.0075
1,"04/03/2020",0.01
1,"05/03/2020",0.015
1,"06/03/2020",-0.005
1,"07/03/2020",-0.0225
1,"08/03/2020",0.005
1,"09/03/2020",-0.1125
1,"10/03/2020",0.0075
1,"11/03/2020",0.02
1,"12/03/2020",0.035
1,"13/03/2020",0.0525
1,"14/03/2020",0.0375
1,"15/03/2020",-0.04
1,"16/03/2020",-0.1475
1,"17/03/2020",-0.0175
1,"18/03/2020",-0.0975
1,"19/03/2020",-0.1475
1,"20/03/2020",-0.215
1,"21/03/2020",-0.2325
1,"22/03/2020",-0.3175
1,"23/03/2020",-0.305
1,"24/03/2020",-0.3325
1,"25/03/2020",-0.36
1,"26/03/2020",-0.3625
1,"27/03/2020",-0.3725
1,"28/03/2020",-0.3275
1,"29/03/2020",-0.39
1,"30/03/2020",-0.3825
1,"31/03/2020",-0.3875
1,"01/04/2020",-0.395
1,"02/04/2020",-0.415
1,"03/04/2020",-0.435
1,"04/04/2020",-0.3875
1,"05/04/2020",-0.4525
1,"06/04/2020",-0.4475
1,"07/04/2020",-0.4475
1,"08/04/2020",-0.41
1,"09/04/2020",-0.485
1,"10/04/2020",-0.65
1,"11/04/2020",-0.515
1,"12/04/2020",-0.48
1,"13/04/2020",-0.435
1,"14/04/2020",-0.435
1,"15/04/2020",-0.4
1,"16/04/2020",-0.4175
1,"17/04/2020",-0.435
1,"18/04/2020",-0.4225
1,"19/04/2020",-0.46
1,"20/04/2020",-0.4675
1,"21/04/2020",-0.49
1,"22/04/2020",-0.495
1,"23/04/2020",-0.495
1,"24/04/2020",-0.5
1,"25/04/2020",-0.4475
1,"26/04/2020",-0.4925
1,"27/04/2020",-0.49
1,"28/04/2020",-0.485
1,"29/04/2020",-0.455
1,"30/04/2020",-0.3925
1,"01/05/2020",-0.545
1,"02/05/2020",-0.44
1,"03/05/2020",-0.465
1,"04/05/2020",-0.4575
1,"05/05/2020",-0.4625
1,"06/05/2020",-0.455
1,"07/05/2020",-0.4475
1,"08/05/2020",-0.4625
1,"09/05/2020",-0.365
1,"10/05/2020",-0.3725
1,"11/05/2020",-0.4575
1,"12/05/2020",-0.45
1,"13/05/2020",-0.44
1,"14/05/2020",-0.4125
1,"15/05/2020",-0.4
1,"16/05/2020",-0.355
1,"17/05/2020",-0.3875
1,"18/05/2020",-0.41
1,"19/05/2020",-0.4175
1,"20/05/2020",-0.4075
1,"21/05/2020",-0.4075
1,"22/05/2020",-0.4075
1,"23/05/2020",-0.3475
1,"24/05/2020",-0.3675
1,"25/05/2020",-0.4
1,"26/05/2020",-0.395
1,"27/05/2020",-0.3975
1,"28/05/2020",-0.38
1,"29/05/2020",-0.35
1,"30/05/2020",-0.2925
1,"31/05/2020",-0.295
1,"01/06/2020",-0.33
1,"02/06/2020",-0.355
1,"03/06/2020",-0.345
1,"04/06/2020",-0.3425
1,"05/06/2020",-0.3425
1,"06/06/2020",-0.2875
1,"07/06/2020",-0.305
2,"15/02/2020",0.055
2,"16/02/2020",0.055
2,"17/02/2020",0.06
2,"18/02/2020",0.035
2,"19/02/2020",0.025
2,"20/02/2020",0.0175
2,"21/02/2020",0.05
2,"22/02/2020",-0.015
2,"23/02/2020",0.02
2,"24/02/2020",0.025
2,"25/02/2020",0.02
2,"26/02/2020",0.02
2,"27/02/2020",0.0325
2,"28/02/2020",0.0775
2,"29/02/2020",0.0575
2,"01/03/2020",0.01
2,"02/03/2020",-0.0075
2,"03/03/2020",0.0525
2,"04/03/2020",0.045
2,"05/03/2020",0.04
2,"06/03/2020",0.055
2,"07/03/2020",0.025
2,"08/03/2020",0.0275
2,"09/03/2020",-0.06
2,"10/03/2020",-0.09
2,"11/03/2020",0.04
2,"12/03/2020",0.0025
2,"13/03/2020",0.04
2,"14/03/2020",0.0125
2,"15/03/2020",-1.73472347597681e-18
2,"16/03/2020",-0.1775
2,"17/03/2020",0.035
2,"18/03/2020",-0.12
2,"19/03/2020",-0.1525
2,"20/03/2020",-0.15
2,"21/03/2020",-0.1975
2,"22/03/2020",-0.2525
2,"23/03/2020",-0.2575
2,"24/03/2020",-0.2775
2,"25/03/2020",-0.3075
2,"26/03/2020",-0.32
2,"27/03/2020",-0.3125
2,"28/03/2020",-0.31
2,"29/03/2020",-0.35
2,"30/03/2020",-0.2975
2,"31/03/2020",-0.3575
2,"01/04/2020",-0.355
2,"02/04/2020",-0.37
2,"03/04/2020",-0.3675
2,"04/04/2020",-0.3775
2,"05/04/2020",-0.415
2,"06/04/2020",-0.42
2,"07/04/2020",-0.455
2,"08/04/2020",-0.4475
2,"09/04/2020",-0.4725
2,"10/04/2020",-0.6325
2,"11/04/2020",-0.4975
2,"12/04/2020",-0.49
2,"13/04/2020",-0.4625
2,"14/04/2020",-0.4575
2,"15/04/2020",-0.45
2,"16/04/2020",-0.455
2,"17/04/2020",-0.4625
2,"18/04/2020",-0.475
2,"19/04/2020",-0.49
2,"20/04/2020",-0.4775
2,"21/04/2020",-0.5
2,"22/04/2020",-0.49
2,"23/04/2020",-0.4875
2,"24/04/2020",-0.4675
2,"25/04/2020",-0.4675
2,"26/04/2020",-0.48
2,"27/04/2020",-0.4675
2,"28/04/2020",-0.485
2,"29/04/2020",-0.4725
2,"30/04/2020",-0.4025
2,"01/05/2020",-0.5175
2,"02/05/2020",-0.45
2,"03/05/2020",-0.46
2,"04/05/2020",-0.4325
2,"05/05/2020",-0.4425
2,"06/05/2020",-0.435
2,"07/05/2020",-0.4225
2,"08/05/2020",-0.405
2,"09/05/2020",-0.375
2,"10/05/2020",-0.38
2,"11/05/2020",-0.4175
2,"12/05/2020",-0.415
2,"13/05/2020",-0.425
2,"14/05/2020",-0.415
2,"15/05/2020",-0.385
2,"16/05/2020",-0.3775
2,"17/05/2020",-0.395
2,"18/05/2020",-0.3925
2,"19/05/2020",-0.395
2,"20/05/2020",-0.3875
2,"21/05/2020",-0.385
2,"22/05/2020",-0.375
2,"23/05/2020",-0.355
2,"24/05/2020",-0.38
2,"25/05/2020",-0.375
2,"26/05/2020",-0.3875
2,"27/05/2020",-0.3975
2,"28/05/2020",-0.38
2,"29/05/2020",-0.3575
2,"30/05/2020",-0.3125
2,"31/05/2020",-0.34
2,"01/06/2020",-0.3275
2,"02/06/2020",-0.3325
2,"03/06/2020",-0.3375
2,"04/06/2020",-0.3325
2,"05/06/2020",-0.3175
2,"06/06/2020",-0.2875
2,"07/06/2020",-0.3075
3,"15/02/2020",0.065
3,"16/02/2020",0.05
3,"17/02/2020",0.06
3,"18/02/2020",0.0525
3,"19/02/2020",0.0525
3,"20/02/2020",0.06
3,"21/02/2020",0.065
3,"22/02/2020",0.06
3,"23/02/2020",0.055
3,"24/02/2020",0.05
3,"25/02/2020",0.065
3,"26/02/2020",0.045
3,"27/02/2020",0.04
3,"28/02/2020",0.0825
3,"29/02/2020",0.075
3,"01/03/2020",0.055
3,"02/03/2020",0.0575
3,"03/03/2020",0.055
3,"04/03/2020",0.045
3,"05/03/2020",0.0375
3,"06/03/2020",0.0575
3,"07/03/2020",0.0475
3,"08/03/2020",0.0175
3,"09/03/2020",-0.0425
3,"10/03/2020",0.0425
3,"11/03/2020",0.0475
3,"12/03/2020",0.0425
3,"13/03/2020",0.07
3,"14/03/2020",0.0775
3,"15/03/2020",0.03
3,"16/03/2020",-0.1275
3,"17/03/2020",0.0225
3,"18/03/2020",-0.015
3,"19/03/2020",-0.0625
3,"20/03/2020",-0.1
3,"21/03/2020",-0.1325
3,"22/03/2020",-0.2525
3,"23/03/2020",-0.2725
3,"24/03/2020",-0.31
3,"25/03/2020",-0.3475
3,"26/03/2020",-0.3675
3,"27/03/2020",-0.3675
3,"28/03/2020",-0.3675
3,"29/03/2020",-0.43
3,"30/03/2020",-0.3825
3,"31/03/2020",-0.3725
3,"01/04/2020",-0.41
3,"02/04/2020",-0.4375
3,"03/04/2020",-0.45
3,"04/04/2020",-0.4625
3,"05/04/2020",-0.5175
3,"06/04/2020",-0.5375
3,"07/04/2020",-0.545
3,"08/04/2020",-0.5625
3,"09/04/2020",-0.605
3,"10/04/2020",-0.66
3,"11/04/2020",-0.63
3,"12/04/2020",-0.61
3,"13/04/2020",-0.59
3,"14/04/2020",-0.5775
3,"15/04/2020",-0.54
3,"16/04/2020",-0.56
3,"17/04/2020",-0.56
3,"18/04/2020",-0.585
3,"19/04/2020",-0.6075
3,"20/04/2020",-0.59
3,"21/04/2020",-0.6
3,"22/04/2020",-0.5975
3,"23/04/2020",-0.6125
3,"24/04/2020",-0.5975
3,"25/04/2020",-0.61
3,"26/04/2020",-0.6325
3,"27/04/2020",-0.6125
3,"28/04/2020",-0.6
3,"29/04/2020",-0.575
3,"30/04/2020",-0.5125
3,"01/05/2020",-0.6
3,"02/05/2020",-0.5625
3,"03/05/2020",-0.5875
3,"04/05/2020",-0.5775
3,"05/05/2020",-0.575
3,"06/05/2020",-0.57
3,"07/05/2020",-0.565
3,"08/05/2020",-0.5525
3,"09/05/2020",-0.5275
3,"10/05/2020",-0.535
3,"11/05/2020",-0.5825
3,"12/05/2020",-0.57
3,"13/05/2020",-0.5625
3,"14/05/2020",-0.55
3,"15/05/2020",-0.51
3,"16/05/2020",-0.505
3,"17/05/2020",-0.5375
3,"18/05/2020",-0.5275
3,"19/05/2020",-0.53
3,"20/05/2020",-0.53
3,"21/05/2020",-0.5375
3,"22/05/2020",-0.5225
3,"23/05/2020",-0.505
3,"24/05/2020",-0.53
3,"25/05/2020",-0.53
3,"26/05/2020",-0.5275
3,"27/05/2020",-0.5225
3,"28/05/2020",-0.5225
3,"29/05/2020",-0.4725
3,"30/05/2020",-0.4475
3,"31/05/2020",-0.465
3,"01/06/2020",-0.44
3,"02/06/2020",-0.4525
3,"03/06/2020",-0.4425
3,"04/06/2020",-0.46
3,"05/06/2020",-0.4425
3,"06/06/2020",-0.435
3,"07/06/2020",-0.4775
4,"15/02/2020",0.045
4,"16/02/2020",0.06
4,"17/02/2020",0.0675
4,"18/02/2020",0.0225
4,"19/02/2020",0.04
4,"20/02/2020",0.045
4,"21/02/2020",0.0525
4,"22/02/2020",0.0775
4,"23/02/2020",0.08
4,"24/02/2020",-0.0375
4,"25/02/2020",-0.0875
4,"26/02/2020",-0.085
4,"27/02/2020",-0.0125
4,"28/02/2020",0.0175
4,"29/02/2020",0.04
4,"01/03/2020",0.05
4,"02/03/2020",0.075
4,"03/03/2020",0.0275
4,"04/03/2020",0.02
4,"05/03/2020",0.02
4,"06/03/2020",0.0125
4,"07/03/2020",-0.0125
4,"08/03/2020",-0.01
4,"09/03/2020",-0.075
4,"10/03/2020",0.0075
4,"11/03/2020",-0.0175
4,"12/03/2020",0.005
4,"13/03/2020",0.0775
4,"14/03/2020",0.075
4,"15/03/2020",-0.0075
4,"16/03/2020",-0.1375
4,"17/03/2020",0.0025
4,"18/03/2020",-0.0725
4,"19/03/2020",-0.0775
4,"20/03/2020",-0.135
4,"21/03/2020",-0.18
4,"22/03/2020",-0.2675
4,"23/03/2020",-0.2975
4,"24/03/2020",-0.335
4,"25/03/2020",-0.3775
4,"26/03/2020",-0.385
4,"27/03/2020",-0.3725
4,"28/03/2020",-0.3275
4,"29/03/2020",-0.37
4,"30/03/2020",-0.3725
4,"31/03/2020",-0.3725
4,"01/04/2020",-0.3875
4,"02/04/2020",-0.4125
4,"03/04/2020",-0.4275
4,"04/04/2020",-0.3725
4,"05/04/2020",-0.4275
4,"06/04/2020",-0.445
4,"07/04/2020",-0.465
4,"08/04/2020",-0.46
4,"09/04/2020",-0.5075
4,"10/04/2020",-0.6075
4,"11/04/2020",-0.505
4,"12/04/2020",-0.485
4,"13/04/2020",-0.465
4,"14/04/2020",-0.4825
4,"15/04/2020",-0.445
4,"16/04/2020",-0.45
4,"17/04/2020",-0.475
4,"18/04/2020",-0.445
4,"19/04/2020",-0.4725
4,"20/04/2020",-0.49
4,"21/04/2020",-0.5225
4,"22/04/2020",-0.5325
4,"23/04/2020",-0.535
4,"24/04/2020",-0.54
4,"25/04/2020",-0.49
4,"26/04/2020",-0.5
4,"27/04/2020",-0.5175
4,"28/04/2020",-0.5225
4,"29/04/2020",-0.49
4,"30/04/2020",-0.4225
4,"01/05/2020",-0.54
4,"02/05/2020",-0.455
4,"03/05/2020",-0.4775
4,"04/05/2020",-0.48
4,"05/05/2020",-0.515
4,"06/05/2020",-0.5075
4,"07/05/2020",-0.51
4,"08/05/2020",-0.4975
4,"09/05/2020",-0.4275
4,"10/05/2020",-0.405
4,"11/05/2020",-0.4975
4,"12/05/2020",-0.5
4,"13/05/2020",-0.4875
4,"14/05/2020",-0.48
4,"15/05/2020",-0.445
4,"16/05/2020",-0.395
4,"17/05/2020",-0.4225
4,"18/05/2020",-0.4475
4,"19/05/2020",-0.47
4,"20/05/2020",-0.4775
4,"21/05/2020",-0.48
4,"22/05/2020",-0.49
4,"23/05/2020",-0.4125
4,"24/05/2020",-0.4375
4,"25/05/2020",-0.4675
4,"26/05/2020",-0.4825
4,"27/05/2020",-0.4775
4,"28/05/2020",-0.4775
4,"29/05/2020",-0.45
4,"30/05/2020",-0.38
4,"31/05/2020",-0.42
4,"01/06/2020",-0.475
4,"02/06/2020",-0.5675
4,"03/06/2020",-0.635
4,"04/06/2020",-0.5
4,"05/06/2020",-0.4925
4,"06/06/2020",-0.39
4,"07/06/2020",-0.39
7,"15/02/2020",0.02
7,"16/02/2020",0.045
7,"17/02/2020",0.0375
7,"18/02/2020",0.01
7,"19/02/2020",0.01
7,"20/02/2020",0.01
7,"21/02/2020",-0.0125
7,"22/02/2020",-0.04
7,"23/02/2020",-0.01
7,"24/02/2020",-0.01
7,"25/02/2020",-0.01
7,"26/02/2020",-0.0175
7,"27/02/2020",0.005
7,"28/02/2020",0.045
7,"29/02/2020",0.025
7,"01/03/2020",0.025
7,"02/03/2020",0.0325
7,"03/03/2020",-0.0075
7,"04/03/2020",0
7,"05/03/2020",0.005
7,"06/03/2020",-0.0025
7,"07/03/2020",-0.025
7,"08/03/2020",-0.03
7,"09/03/2020",-0.0725
7,"10/03/2020",-0.0075
7,"11/03/2020",-0.0125
7,"12/03/2020",0.0175
7,"13/03/2020",0.0525
7,"14/03/2020",0.04
7,"15/03/2020",-0.0175
7,"16/03/2020",-0.09
7,"17/03/2020",0.03
7,"18/03/2020",-0.005
7,"19/03/2020",-0.02
7,"20/03/2020",-0.0775
7,"21/03/2020",-0.135
7,"22/03/2020",-0.21
7,"23/03/2020",-0.2325
7,"24/03/2020",-0.265
7,"25/03/2020",-0.285
7,"26/03/2020",-0.3075
7,"27/03/2020",-0.325
7,"28/03/2020",-0.27
7,"29/03/2020",-0.3325
7,"30/03/2020",-0.305
7,"31/03/2020",-0.33
7,"01/04/2020",-0.3325
7,"02/04/2020",-0.375
7,"03/04/2020",-0.3825
7,"04/04/2020",-0.345
7,"05/04/2020",-0.3975
7,"06/04/2020",-0.4025
7,"07/04/2020",-0.41
7,"08/04/2020",-0.4075
7,"09/04/2020",-0.48
7,"10/04/2020",-0.6075
7,"11/04/2020",-0.525
7,"12/04/2020",-0.48
7,"13/04/2020",-0.4225
7,"14/04/2020",-0.4275
7,"15/04/2020",-0.4
7,"16/04/2020",-0.415
7,"17/04/2020",-0.44
7,"18/04/2020",-0.4225
7,"19/04/2020",-0.455
7,"20/04/2020",-0.4375
7,"21/04/2020",-0.4475
7,"22/04/2020",-0.455
7,"23/04/2020",-0.46
7,"24/04/2020",-0.4725
7,"25/04/2020",-0.4325
7,"26/04/2020",-0.48
7,"27/04/2020",-0.4575
7,"28/04/2020",-0.4525
7,"29/04/2020",-0.4225
7,"30/04/2020",-0.355
7,"01/05/2020",-0.4925
7,"02/05/2020",-0.405
7,"03/05/2020",-0.4525
7,"04/05/2020",-0.4225
7,"05/05/2020",-0.4575
7,"06/05/2020",-0.42
7,"07/05/2020",-0.4375
7,"08/05/2020",-0.4325
7,"09/05/2020",-0.365
7,"10/05/2020",-0.395
7,"11/05/2020",-0.4375
7,"12/05/2020",-0.43
7,"13/05/2020",-0.4275
7,"14/05/2020",-0.4
7,"15/05/2020",-0.39
7,"16/05/2020",-0.35
7,"17/05/2020",-0.415
7,"18/05/2020",-0.3875
7,"19/05/2020",-0.41
7,"20/05/2020",-0.4025
7,"21/05/2020",-0.42
7,"22/05/2020",-0.435
7,"23/05/2020",-0.39
7,"24/05/2020",-0.435
7,"25/05/2020",-0.415
7,"26/05/2020",-0.435
7,"27/05/2020",-0.4425
7,"28/05/2020",-0.435
7,"29/05/2020",-0.4125
7,"30/05/2020",-0.37
7,"31/05/2020",-0.43
7,"01/06/2020",-0.425
7,"02/06/2020",-0.4225
7,"03/06/2020",-0.53
7,"04/06/2020",-0.45
7,"05/06/2020",-0.45
7,"06/06/2020",-0.375
7,"07/06/2020",-0.4075
8,"15/02/2020",0.0375
8,"16/02/2020",0.045
8,"17/02/2020",0.07
8,"18/02/2020",0.045
8,"19/02/2020",0.04
8,"20/02/2020",0.0375
8,"21/02/2020",0.02
8,"22/02/2020",0.0275
8,"23/02/2020",0.0025
8,"24/02/2020",0.0375
8,"25/02/2020",0.025
8,"26/02/2020",0.0275
8,"27/02/2020",0.05
8,"28/02/2020",0.0775
8,"29/02/2020",0.0625
8,"01/03/2020",0.0475
8,"02/03/2020",0.06
8,"03/03/2020",0.0175
8,"04/03/2020",0.05
8,"05/03/2020",0.07
8,"06/03/2020",0.0575
8,"07/03/2020",0.035
8,"08/03/2020",0
8,"09/03/2020",-0.06
8,"10/03/2020",0.07
8,"11/03/2020",0.0625
8,"12/03/2020",0.0775
8,"13/03/2020",0.085
8,"14/03/2020",0.065
8,"15/03/2020",0.0125
8,"16/03/2020",-0.1325
8,"17/03/2020",0.0325
8,"18/03/2020",-0.05
8,"19/03/2020",-0.0675
8,"20/03/2020",-0.0975
8,"21/03/2020",-0.155
8,"22/03/2020",-0.2225
8,"23/03/2020",-0.2375
8,"24/03/2020",-0.2475
8,"25/03/2020",-0.31
8,"26/03/2020",-0.34
8,"27/03/2020",-0.36
8,"28/03/2020",-0.33
8,"29/03/2020",-0.395
8,"30/03/2020",-0.3575
8,"31/03/2020",-0.345
8,"01/04/2020",-0.355
8,"02/04/2020",-0.38
8,"03/04/2020",-0.39
8,"04/04/2020",-0.3825
8,"05/04/2020",-0.4375
8,"06/04/2020",-0.4375
8,"07/04/2020",-0.43
8,"08/04/2020",-0.41
8,"09/04/2020",-0.475
8,"10/04/2020",-0.5975
8,"11/04/2020",-0.53
8,"12/04/2020",-0.5175
8,"13/04/2020",-0.46
8,"14/04/2020",-0.445
8,"15/04/2020",-0.425
8,"16/04/2020",-0.43
8,"17/04/2020",-0.44
8,"18/04/2020",-0.4375
8,"19/04/2020",-0.4675
8,"20/04/2020",-0.46
8,"21/04/2020",-0.4825
8,"22/04/2020",-0.485
8,"23/04/2020",-0.49
8,"24/04/2020",-0.4825
8,"25/04/2020",-0.4525
8,"26/04/2020",-0.4875
8,"27/04/2020",-0.485
8,"28/04/2020",-0.475
8,"29/04/2020",-0.45
8,"30/04/2020",-0.3775
8,"01/05/2020",-0.515
8,"02/05/2020",-0.4425
8,"03/05/2020",-0.4675
8,"04/05/2020",-0.4425
8,"05/05/2020",-0.4475
8,"06/05/2020",-0.44
8,"07/05/2020",-0.435
8,"08/05/2020",-0.425
8,"09/05/2020",-0.385
8,"10/05/2020",-0.3925
8,"11/05/2020",-0.455
8,"12/05/2020",-0.4425
8,"13/05/2020",-0.4375
8,"14/05/2020",-0.435
8,"15/05/2020",-0.4
8,"16/05/2020",-0.3775
8,"17/05/2020",-0.4125
8,"18/05/2020",-0.4075
8,"19/05/2020",-0.41
8,"20/05/2020",-0.4075
8,"21/05/2020",-0.4075
8,"22/05/2020",-0.395
8,"23/05/2020",-0.3575
8,"24/05/2020",-0.3925
8,"25/05/2020",-0.3925
8,"26/05/2020",-0.4025
8,"27/05/2020",-0.405
8,"28/05/2020",-0.39
8,"29/05/2020",-0.3525
8,"30/05/2020",-0.305
8,"31/05/2020",-0.3375
8,"01/06/2020",-0.34
8,"02/06/2020",-0.355
8,"03/06/2020",-0.3525
8,"04/06/2020",-0.355
8,"05/06/2020",-0.3425
8,"06/06/2020",-0.295
8,"07/06/2020",-0.3225
5,"15/02/2020",0.05
5,"16/02/2020",0.0625
5,"17/02/2020",0.055
5,"18/02/2020",0.0075
5,"19/02/2020",0.0025
5,"20/02/2020",-0.025
5,"21/02/2020",-0.0125
5,"22/02/2020",0.02
5,"23/02/2020",0.0125
5,"24/02/2020",0.0175
5,"25/02/2020",0.0075
5,"26/02/2020",-0.0025
5,"27/02/2020",0.015
5,"28/02/2020",0.0875
5,"29/02/2020",0.0975
5,"01/03/2020",0.0925
5,"02/03/2020",0.065
5,"03/03/2020",0.0275
5,"04/03/2020",0.035
5,"05/03/2020",0.0225
5,"06/03/2020",0.0425
5,"07/03/2020",0.0375
5,"08/03/2020",0.0275
5,"09/03/2020",-0.09
5,"10/03/2020",0.035
5,"11/03/2020",0.0375
5,"12/03/2020",0.0525
5,"13/03/2020",0.0825
5,"14/03/2020",0.0975
5,"15/03/2020",0.0075
5,"16/03/2020",-0.1475
5,"17/03/2020",0.01
5,"18/03/2020",0.0025
5,"19/03/2020",-0.105
5,"20/03/2020",-0.17
5,"21/03/2020",-0.185
5,"22/03/2020",-0.2775
5,"23/03/2020",-0.2875
5,"24/03/2020",-0.3175
5,"25/03/2020",-0.3325
5,"26/03/2020",-0.35
5,"27/03/2020",-0.325
5,"28/03/2020",-0.2825
5,"29/03/2020",-0.3575
5,"30/03/2020",-0.3275
5,"31/03/2020",-0.3225
5,"01/04/2020",-0.32
5,"02/04/2020",-0.365
5,"03/04/2020",-0.3775
5,"04/04/2020",-0.3525
5,"05/04/2020",-0.425
5,"06/04/2020",-0.425
5,"07/04/2020",-0.4225
5,"08/04/2020",-0.405
5,"09/04/2020",-0.4875
5,"10/04/2020",-0.58
5,"11/04/2020",-0.5175
5,"12/04/2020",-0.49
5,"13/04/2020",-0.4475
5,"14/04/2020",-0.44
5,"15/04/2020",-0.4175
5,"16/04/2020",-0.4275
5,"17/04/2020",-0.42
5,"18/04/2020",-0.3975
5,"19/04/2020",-0.4475
5,"20/04/2020",-0.4475
5,"21/04/2020",-0.47
5,"22/04/2020",-0.4675
5,"23/04/2020",-0.47
5,"24/04/2020",-0.45
5,"25/04/2020",-0.42
5,"26/04/2020",-0.48
5,"27/04/2020",-0.475
5,"28/04/2020",-0.4675
5,"29/04/2020",-0.4275
5,"30/04/2020",-0.3375
5,"01/05/2020",-0.5
5,"02/05/2020",-0.41
5,"03/05/2020",-0.4475
5,"04/05/2020",-0.4375
5,"05/05/2020",-0.4425
5,"06/05/2020",-0.4175
5,"07/05/2020",-0.415
5,"08/05/2020",-0.3875
5,"09/05/2020",-0.295
5,"10/05/2020",-0.3375
5,"11/05/2020",-0.425
5,"12/05/2020",-0.41
5,"13/05/2020",-0.4
5,"14/05/2020",-0.39
5,"15/05/2020",-0.3425
5,"16/05/2020",-0.3
5,"17/05/2020",-0.3575
5,"18/05/2020",-0.355
5,"19/05/2020",-0.37
5,"20/05/2020",-0.3575
5,"21/05/2020",-0.37
5,"22/05/2020",-0.345
5,"23/05/2020",-0.29
5,"24/05/2020",-0.3375
5,"25/05/2020",-0.35
5,"26/05/2020",-0.3625
5,"27/05/2020",-0.3425
5,"28/05/2020",-0.3525
5,"29/05/2020",-0.2975
5,"30/05/2020",-0.2275
5,"31/05/2020",-0.2725
5,"01/06/2020",-0.2825
5,"02/06/2020",-0.3075
5,"03/06/2020",-0.305
5,"04/06/2020",-0.3175
5,"05/06/2020",-0.29
5,"06/06/2020",-0.2325
5,"07/06/2020",-0.285
6,"15/02/2020",0.0225
6,"16/02/2020",0.0225
6,"17/02/2020",0.02
6,"18/02/2020",0.0075
6,"19/02/2020",0.0025
6,"20/02/2020",0
6,"21/02/2020",-0.005
6,"22/02/2020",-0.04
6,"23/02/2020",-0.035
6,"24/02/2020",-0.0125
6,"25/02/2020",-0.0075
6,"26/02/2020",-0.01
6,"27/02/2020",0.01
6,"28/02/2020",0.0275
6,"29/02/2020",-0.0025
6,"01/03/2020",0.01
6,"02/03/2020",0.0025
6,"03/03/2020",0.0075
6,"04/03/2020",0.0075
6,"05/03/2020",0
6,"06/03/2020",-0.0175
6,"07/03/2020",-0.0375
6,"08/03/2020",-0.0275
6,"09/03/2020",-0.1225
6,"10/03/2020",-0.01
6,"11/03/2020",-0.015
6,"12/03/2020",-0.0075
6,"13/03/2020",0.0125
6,"14/03/2020",0.03
6,"15/03/2020",-0.005
6,"16/03/2020",-0.1275
6,"17/03/2020",-0.0825
6,"18/03/2020",-0.095
6,"19/03/2020",-0.215
6,"20/03/2020",-0.2875
6,"21/03/2020",-0.285
6,"22/03/2020",-0.3475
6,"23/03/2020",-0.335
6,"24/03/2020",-0.3475
6,"25/03/2020",-0.3425
6,"26/03/2020",-0.3575
6,"27/03/2020",-0.3675
6,"28/03/2020",-0.315
6,"29/03/2020",-0.36
6,"30/03/2020",-0.3275
6,"31/03/2020",-0.325
6,"01/04/2020",-0.3125
6,"02/04/2020",-0.345
6,"03/04/2020",-0.3675
6,"04/04/2020",-0.34
6,"05/04/2020",-0.4025
6,"06/04/2020",-0.3725
6,"07/04/2020",-0.3775
6,"08/04/2020",-0.37
6,"09/04/2020",-0.4675
6,"10/04/2020",-0.5925
6,"11/04/2020",-0.5075
6,"12/04/2020",-0.4575
6,"13/04/2020",-0.3925
6,"14/04/2020",-0.395
6,"15/04/2020",-0.35
6,"16/04/2020",-0.3625
6,"17/04/2020",-0.3925
6,"18/04/2020",-0.3825
6,"19/04/2020",-0.4275
6,"20/04/2020",-0.4025
6,"21/04/2020",-0.43
6,"22/04/2020",-0.425
6,"23/04/2020",-0.43
6,"24/04/2020",-0.44
6,"25/04/2020",-0.4075
6,"26/04/2020",-0.4425
6,"27/04/2020",-0.4125
6,"28/04/2020",-0.42
6,"29/04/2020",-0.3975
6,"30/04/2020",-0.35
6,"01/05/2020",-0.49
6,"02/05/2020",-0.375
6,"03/05/2020",-0.41
6,"04/05/2020",-0.3775
6,"05/05/2020",-0.3925
6,"06/05/2020",-0.3625
6,"07/05/2020",-0.3675
6,"08/05/2020",-0.375
6,"09/05/2020",-0.3025
6,"10/05/2020",-0.31
6,"11/05/2020",-0.3825
6,"12/05/2020",-0.38
6,"13/05/2020",-0.3675
6,"14/05/2020",-0.38
6,"15/05/2020",-0.3675
6,"16/05/2020",-0.34
6,"17/05/2020",-0.3525
6,"18/05/2020",-0.3375
6,"19/05/2020",-0.36
6,"20/05/2020",-0.3425
6,"21/05/2020",-0.36
6,"22/05/2020",-0.37
6,"23/05/2020",-0.3275
6,"24/05/2020",-0.36
6,"25/05/2020",-0.355
6,"26/05/2020",-0.36
6,"27/05/2020",-0.3475
6,"28/05/2020",-0.34
6,"29/05/2020",-0.34
6,"30/05/2020",-0.2825
6,"31/05/2020",-0.305
6,"01/06/2020",-0.2925
6,"02/06/2020",-0.315
6,"03/06/2020",-0.305
6,"04/06/2020",-0.32
6,"05/06/2020",-0.3325
6,"06/06/2020",-0.2725
6,"07/06/2020",-0.2925
10,"15/02/2020",0.005
10,"16/02/2020",0.0525
10,"17/02/2020",0.025
10,"18/02/2020",0.01
10,"19/02/2020",0.035
10,"20/02/2020",0.05
10,"21/02/2020",0.0375
10,"22/02/2020",-0.015
10,"23/02/2020",-0.01
10,"24/02/2020",0.0175
10,"25/02/2020",0.0125
10,"26/02/2020",0.04
10,"27/02/2020",0.065
10,"28/02/2020",0.0675
10,"29/02/2020",0.045
10,"01/03/2020",0.0475
10,"02/03/2020",0.04
10,"03/03/2020",-0.0025
10,"04/03/2020",0.0625
10,"05/03/2020",0.065
10,"06/03/2020",0.0325
10,"07/03/2020",-0.005
10,"08/03/2020",0.01
10,"09/03/2020",-0.11
10,"10/03/2020",0.035
10,"11/03/2020",0.0625
10,"12/03/2020",0.085
10,"13/03/2020",0.12
10,"14/03/2020",0.0975
10,"15/03/2020",0.02
10,"16/03/2020",-0.1075
10,"17/03/2020",0.025
10,"18/03/2020",-0.0075
10,"19/03/2020",-0.095
10,"20/03/2020",-0.17
10,"21/03/2020",-0.18
10,"22/03/2020",-0.25
10,"23/03/2020",-0.285
10,"24/03/2020",-0.295
10,"25/03/2020",-0.31
10,"26/03/2020",-0.3125
10,"27/03/2020",-0.3325
10,"28/03/2020",-0.2775
10,"29/03/2020",-0.32
10,"30/03/2020",-0.3375
10,"31/03/2020",-0.2925
10,"01/04/2020",-0.295
10,"02/04/2020",-0.325
10,"03/04/2020",-0.3625
10,"04/04/2020",-0.325
10,"05/04/2020",-0.3625
10,"06/04/2020",-0.3825
10,"07/04/2020",-0.375
10,"08/04/2020",-0.355
10,"09/04/2020",-0.4625
10,"10/04/2020",-0.61
10,"11/04/2020",-0.495
10,"12/04/2020",-0.43
10,"13/04/2020",-0.4075
10,"14/04/2020",-0.395
10,"15/04/2020",-0.3475
10,"16/04/2020",-0.36
10,"17/04/2020",-0.3975
10,"18/04/2020",-0.3575
10,"19/04/2020",-0.39
10,"20/04/2020",-0.415
10,"21/04/2020",-0.4425
10,"22/04/2020",-0.435
10,"23/04/2020",-0.435
10,"24/04/2020",-0.4575
10,"25/04/2020",-0.4075
10,"26/04/2020",-0.435
10,"27/04/2020",-0.4575
10,"28/04/2020",-0.4425
10,"29/04/2020",-0.405
10,"30/04/2020",-0.315
10,"01/05/2020",-0.5125
10,"02/05/2020",-0.4
10,"03/05/2020",-0.4175
10,"04/05/2020",-0.4175
10,"05/05/2020",-0.42
10,"06/05/2020",-0.39
10,"07/05/2020",-0.395
10,"08/05/2020",-0.3925
10,"09/05/2020",-0.3075
10,"10/05/2020",-0.295
10,"11/05/2020",-0.42
10,"12/05/2020",-0.4
10,"13/05/2020",-0.3725
10,"14/05/2020",-0.365
10,"15/05/2020",-0.3475
10,"16/05/2020",-0.31
10,"17/05/2020",-0.34
10,"18/05/2020",-0.3725
10,"19/05/2020",-0.3625
10,"20/05/2020",-0.345
10,"21/05/2020",-0.3575
10,"22/05/2020",-0.365
10,"23/05/2020",-0.3
10,"24/05/2020",-0.3275
10,"25/05/2020",-0.3675
10,"26/05/2020",-0.36
10,"27/05/2020",-0.355
10,"28/05/2020",-0.3375
10,"29/05/2020",-0.3175
10,"30/05/2020",-0.2375
10,"31/05/2020",-0.26
10,"01/06/2020",-0.2925
10,"02/06/2020",-0.3
10,"03/06/2020",-0.295
10,"04/06/2020",-0.295
10,"05/06/2020",-0.2975
10,"06/06/2020",-0.25
10,"07/06/2020",-0.26
11,"15/02/2020",0.0175
11,"16/02/2020",0.015
11,"17/02/2020",0.0475
11,"18/02/2020",0.0175
11,"19/02/2020",0.01
11,"20/02/2020",0.005
11,"21/02/2020",0.015
11,"22/02/2020",-0.01
11,"23/02/2020",-0.0175
11,"24/02/2020",0.0275
11,"25/02/2020",-0.0025
11,"26/02/2020",0.005
11,"27/02/2020",0.0125
11,"28/02/2020",0.04
11,"29/02/2020",0.0325
11,"01/03/2020",0.0275
11,"02/03/2020",0.0475
11,"03/03/2020",0.0125
11,"04/03/2020",0.0225
11,"05/03/2020",0.0175
11,"06/03/2020",0.0125
11,"07/03/2020",0.0025
11,"08/03/2020",0.0025
11,"09/03/2020",-0.0925
11,"10/03/2020",0.005
11,"11/03/2020",0.0025
11,"12/03/2020",0.03
11,"13/03/2020",0.0275
11,"14/03/2020",0.035
11,"15/03/2020",-0.0125
11,"16/03/2020",-0.19
11,"17/03/2020",-0.06
11,"18/03/2020",-0.1025
11,"19/03/2020",-0.1425
11,"20/03/2020",-0.17
11,"21/03/2020",-0.1525
11,"22/03/2020",-0.215
11,"23/03/2020",-0.205
11,"24/03/2020",-0.2525
11,"25/03/2020",-0.2675
11,"26/03/2020",-0.2825
11,"27/03/2020",-0.29
11,"28/03/2020",-0.245
11,"29/03/2020",-0.3075
11,"30/03/2020",-0.2875
11,"31/03/2020",-0.31
11,"01/04/2020",-0.32
11,"02/04/2020",-0.34
11,"03/04/2020",-0.3475
11,"04/04/2020",-0.3125
11,"05/04/2020",-0.38
11,"06/04/2020",-0.385
11,"07/04/2020",-0.4025
11,"08/04/2020",-0.3775
11,"09/04/2020",-0.46
11,"10/04/2020",-0.5875
11,"11/04/2020",-0.4825
11,"12/04/2020",-0.4275
11,"13/04/2020",-0.3825
11,"14/04/2020",-0.4
11,"15/04/2020",-0.3675
11,"16/04/2020",-0.38
11,"17/04/2020",-0.38
11,"18/04/2020",-0.36
11,"19/04/2020",-0.395
11,"20/04/2020",-0.39
11,"21/04/2020",-0.425
11,"22/04/2020",-0.4225
11,"23/04/2020",-0.4275
11,"24/04/2020",-0.4175
11,"25/04/2020",-0.375
11,"26/04/2020",-0.42
11,"27/04/2020",-0.4175
11,"28/04/2020",-0.425
11,"29/04/2020",-0.395
11,"30/04/2020",-0.35
11,"01/05/2020",-0.4725
11,"02/05/2020",-0.3675
11,"03/05/2020",-0.3925
11,"04/05/2020",-0.38
11,"05/05/2020",-0.4175
11,"06/05/2020",-0.3825
11,"07/05/2020",-0.4
11,"08/05/2020",-0.375
11,"09/05/2020",-0.285
11,"10/05/2020",-0.2925
11,"11/05/2020",-0.3775
11,"12/05/2020",-0.385
11,"13/05/2020",-0.38
11,"14/05/2020",-0.375
11,"15/05/2020",-0.3425
11,"16/05/2020",-0.3
11,"17/05/2020",-0.3425
11,"18/05/2020",-0.335
11,"19/05/2020",-0.3675
11,"20/05/2020",-0.355
11,"21/05/2020",-0.3575
11,"22/05/2020",-0.345
11,"23/05/2020",-0.2925
11,"24/05/2020",-0.32
11,"25/05/2020",-0.3325
11,"26/05/2020",-0.3525
11,"27/05/2020",-0.34
11,"28/05/2020",-0.34
11,"29/05/2020",-0.3025
11,"30/05/2020",-0.235
11,"31/05/2020",-0.2575
11,"01/06/2020",-0.265
11,"02/06/2020",-0.3
11,"03/06/2020",-0.2925
11,"04/06/2020",-0.2975
11,"05/06/2020",-0.285
11,"06/06/2020",-0.23
11,"07/06/2020",-0.255
12,"15/02/2020",0.015
12,"16/02/2020",0.025
12,"17/02/2020",0.01
12,"18/02/2020",-0.005
12,"19/02/2020",0.0175
12,"20/02/2020",-0.0025
12,"21/02/2020",-0.0025
12,"22/02/2020",-0.0175
12,"23/02/2020",-0.02
12,"24/02/2020",-0.025
12,"25/02/2020",-0.01
12,"26/02/2020",0.02
12,"27/02/2020",0.025
12,"28/02/2020",0.0425
12,"29/02/2020",0.0375
12,"01/03/2020",0.0325
12,"02/03/2020",0.015
12,"03/03/2020",0.005
12,"04/03/2020",0.02
12,"05/03/2020",-0.005
12,"06/03/2020",-0.0025
12,"07/03/2020",-0.0075
12,"08/03/2020",-0.02
12,"09/03/2020",-0.0825
12,"10/03/2020",-0.0075
12,"11/03/2020",0.005
12,"12/03/2020",0.01
12,"13/03/2020",0.04
12,"14/03/2020",0.1325
12,"15/03/2020",0.055
12,"16/03/2020",0.00499999999999999
12,"17/03/2020",0.0125
12,"18/03/2020",-0.0325
12,"19/03/2020",-0.0975
12,"20/03/2020",-0.1725
12,"21/03/2020",-0.1675
12,"22/03/2020",-0.23
12,"23/03/2020",-0.255
12,"24/03/2020",-0.27
12,"25/03/2020",-0.275
12,"26/03/2020",-0.3075
12,"27/03/2020",-0.3275
12,"28/03/2020",-0.265
12,"29/03/2020",-0.3125
12,"30/03/2020",-0.3125
12,"31/03/2020",-0.315
12,"01/04/2020",-0.3175
12,"02/04/2020",-0.36
12,"03/04/2020",-0.4125
12,"04/04/2020",-0.3625
12,"05/04/2020",-0.4175
12,"06/04/2020",-0.4125
12,"07/04/2020",-0.4075
12,"08/04/2020",-0.395
12,"09/04/2020",-0.47
12,"10/04/2020",-0.595
12,"11/04/2020",-0.49
12,"12/04/2020",-0.47
12,"13/04/2020",-0.445
12,"14/04/2020",-0.4425
12,"15/04/2020",-0.41
12,"16/04/2020",-0.4425
12,"17/04/2020",-0.485
12,"18/04/2020",-0.445
12,"19/04/2020",-0.4725
12,"20/04/2020",-0.4675
12,"21/04/2020",-0.48
12,"22/04/2020",-0.475
12,"23/04/2020",-0.5
12,"24/04/2020",-0.5225
12,"25/04/2020",-0.4725
12,"26/04/2020",-0.505
12,"27/04/2020",-0.495
12,"28/04/2020",-0.485
12,"29/04/2020",-0.4475
12,"30/04/2020",-0.42
12,"01/05/2020",-0.5475
12,"02/05/2020",-0.4575
12,"03/05/2020",-0.49
12,"04/05/2020",-0.4825
12,"05/05/2020",-0.4925
12,"06/05/2020",-0.465
12,"07/05/2020",-0.4925
12,"08/05/2020",-0.505
12,"09/05/2020",-0.415
12,"10/05/2020",-0.4175
12,"11/05/2020",-0.505
12,"12/05/2020",-0.4775
12,"13/05/2020",-0.45
12,"14/05/2020",-0.46
12,"15/05/2020",-0.4625
12,"16/05/2020",-0.42
12,"17/05/2020",-0.4675
12,"18/05/2020",-0.4525
12,"19/05/2020",-0.465
12,"20/05/2020",-0.4525
12,"21/05/2020",-0.4775
12,"22/05/2020",-0.505
12,"23/05/2020",-0.4525
12,"24/05/2020",-0.485
12,"25/05/2020",-0.4875
12,"26/05/2020",-0.4875
12,"27/05/2020",-0.47
12,"28/05/2020",-0.4875
12,"29/05/2020",-0.4875
12,"30/05/2020",-0.4225
12,"31/05/2020",-0.4525
12,"01/06/2020",-0.4475
12,"02/06/2020",-0.465
12,"03/06/2020",-0.4525
12,"04/06/2020",-0.47
12,"05/06/2020",-0.4925
12,"06/06/2020",-0.44
12,"07/06/2020",-0.4625
13,"15/02/2020",0.015
13,"16/02/2020",0.035
13,"17/02/2020",0.035
13,"18/02/2020",-0.005
13,"19/02/2020",-0.02
13,"20/02/2020",-0.0125
13,"21/02/2020",0.005
13,"22/02/2020",-0.0175
13,"23/02/2020",-0.01
13,"24/02/2020",0.0025
13,"25/02/2020",-0.02
13,"26/02/2020",-0.045
13,"27/02/2020",-0.0125
13,"28/02/2020",0.05
13,"29/02/2020",0.0325
13,"01/03/2020",0.0425
13,"02/03/2020",0.0325
13,"03/03/2020",0
13,"04/03/2020",3.46944695195361e-18
13,"05/03/2020",3.46944695195361e-18
13,"06/03/2020",0.0025
13,"07/03/2020",-0.005
13,"08/03/2020",-0.005
13,"09/03/2020",-0.1
13,"10/03/2020",-0.0025
13,"11/03/2020",-0.015
13,"12/03/2020",-0.01
13,"13/03/2020",0.0225
13,"14/03/2020",0.05
13,"15/03/2020",0.0375
13,"16/03/2020",-0.09
13,"17/03/2020",0.0075
13,"18/03/2020",-0.0375
13,"19/03/2020",-0.0525
13,"20/03/2020",-0.09
13,"21/03/2020",-0.1725
13,"22/03/2020",-0.23
13,"23/03/2020",-0.275
13,"24/03/2020",-0.31
13,"25/03/2020",-0.33
13,"26/03/2020",-0.3425
13,"27/03/2020",-0.33
13,"28/03/2020",-0.265
13,"29/03/2020",-0.3075
13,"30/03/2020",-0.3175
13,"31/03/2020",-0.34
13,"01/04/2020",-0.3525
13,"02/04/2020",-0.38
13,"03/04/2020",-0.39
13,"04/04/2020",-0.32
13,"05/04/2020",-0.3625
13,"06/04/2020",-0.3775
13,"07/04/2020",-0.3925
13,"08/04/2020",-0.375
13,"09/04/2020",-0.4
13,"10/04/2020",-0.5375
13,"11/04/2020",-0.4525
13,"12/04/2020",-0.3875
13,"13/04/2020",-0.3825
13,"14/04/2020",-0.4025
13,"15/04/2020",-0.375
13,"16/04/2020",-0.3925
13,"17/04/2020",-0.3975
13,"18/04/2020",-0.355
13,"19/04/2020",-0.3625
13,"20/04/2020",-0.39
13,"21/04/2020",-0.43
13,"22/04/2020",-0.4375
13,"23/04/2020",-0.4425
13,"24/04/2020",-0.4375
13,"25/04/2020",-0.38
13,"26/04/2020",-0.395
13,"27/04/2020",-0.4125
13,"28/04/2020",-0.4275
13,"29/04/2020",-0.405
13,"30/04/2020",-0.355
13,"01/05/2020",-0.48
13,"02/05/2020",-0.37
13,"03/05/2020",-0.3975
13,"04/05/2020",-0.43
13,"05/05/2020",-0.4625
13,"06/05/2020",-0.46
13,"07/05/2020",-0.4675
13,"08/05/2020",-0.45
13,"09/05/2020",-0.375
13,"10/05/2020",-0.365
13,"11/05/2020",-0.4475
13,"12/05/2020",-0.4475
13,"13/05/2020",-0.4525
13,"14/05/2020",-0.4475
13,"15/05/2020",-0.4225
13,"16/05/2020",-0.36
13,"17/05/2020",-0.3975
13,"18/05/2020",-0.42
13,"19/05/2020",-0.4275
13,"20/05/2020",-0.4325
13,"21/05/2020",-0.45
13,"22/05/2020",-0.44
13,"23/05/2020",-0.3675
13,"24/05/2020",-0.395
13,"25/05/2020",-0.4175
13,"26/05/2020",-0.4375
13,"27/05/2020",-0.4575
13,"28/05/2020",-0.45
13,"29/05/2020",-0.405
13,"30/05/2020",-0.3125
13,"31/05/2020",-0.3325
13,"01/06/2020",-0.375
13,"02/06/2020",-0.3925
13,"03/06/2020",-0.4
13,"04/06/2020",-0.4
13,"05/06/2020",-0.3875
13,"06/06/2020",-0.3125
13,"07/06/2020",-0.3325
14,"15/02/2020",0.08
14,"16/02/2020",0.045
14,"17/02/2020",0.0525
14,"18/02/2020",0.0225
14,"19/02/2020",0.0225
14,"20/02/2020",0.025
14,"21/02/2020",0.04
14,"22/02/2020",0.025
14,"23/02/2020",0.01
14,"24/02/2020",0.0325
14,"25/02/2020",0.01
14,"26/02/2020",0.01
14,"27/02/2020",0.025
14,"28/02/2020",0.0575
14,"29/02/2020",0.07
14,"01/03/2020",0.0525
14,"02/03/2020",0.0575
14,"03/03/2020",0.03
14,"04/03/2020",0.0375
14,"05/03/2020",0.0375
14,"06/03/2020",0.0375
14,"07/03/2020",0.0425
14,"08/03/2020",0.035
14,"09/03/2020",-0.125
14,"10/03/2020",0.0275
14,"11/03/2020",0.025
14,"12/03/2020",0.0425
14,"13/03/2020",0.055
14,"14/03/2020",0.06
14,"15/03/2020",-0.01
14,"16/03/2020",-0.2325
14,"17/03/2020",-0.0725
14,"18/03/2020",-0.1275
14,"19/03/2020",-0.1775
14,"20/03/2020",-0.215
14,"21/03/2020",-0.2425
14,"22/03/2020",-0.37
14,"23/03/2020",-0.4025
14,"24/03/2020",-0.4325
14,"25/03/2020",-0.4175
14,"26/03/2020",-0.37
14,"27/03/2020",-0.36
14,"28/03/2020",-0.2975
14,"29/03/2020",-0.355
14,"30/03/2020",-0.315
14,"31/03/2020",-0.3325
14,"01/04/2020",-0.35
14,"02/04/2020",-0.3825
14,"03/04/2020",-0.395
14,"04/04/2020",-0.355
14,"05/04/2020",-0.4225
14,"06/04/2020",-0.4225
14,"07/04/2020",-0.435
14,"08/04/2020",-0.42
14,"09/04/2020",-0.5075
14,"10/04/2020",-0.6175
14,"11/04/2020",-0.5125
14,"12/04/2020",-0.4625
14,"13/04/2020",-0.4175
14,"14/04/2020",-0.4275
14,"15/04/2020",-0.405
14,"16/04/2020",-0.4175
14,"17/04/2020",-0.41
14,"18/04/2020",-0.3775
14,"19/04/2020",-0.425
14,"20/04/2020",-0.4425
14,"21/04/2020",-0.4675
14,"22/04/2020",-0.4675
14,"23/04/2020",-0.47
14,"24/04/2020",-0.4525
14,"25/04/2020",-0.405
14,"26/04/2020",-0.45
14,"27/04/2020",-0.4425
14,"28/04/2020",-0.445
14,"29/04/2020",-0.42
14,"30/04/2020",-0.3725
14,"01/05/2020",-0.5
14,"02/05/2020",-0.3825
14,"03/05/2020",-0.4125
14,"04/05/2020",-0.395
14,"05/05/2020",-0.42
14,"06/05/2020",-0.4075
14,"07/05/2020",-0.405
14,"08/05/2020",-0.3825
14,"09/05/2020",-0.3025
14,"10/05/2020",-0.325
14,"11/05/2020",-0.3975
14,"12/05/2020",-0.4025
14,"13/05/2020",-0.3975
14,"14/05/2020",-0.385
14,"15/05/2020",-0.3475
14,"16/05/2020",-0.2975
14,"17/05/2020",-0.35
14,"18/05/2020",-0.3475
14,"19/05/2020",-0.3675
14,"20/05/2020",-0.355
14,"21/05/2020",-0.3625
14,"22/05/2020",-0.34
14,"23/05/2020",-0.2875
14,"24/05/2020",-0.325
14,"25/05/2020",-0.34
14,"26/05/2020",-0.3575
14,"27/05/2020",-0.3525
14,"28/05/2020",-0.34
14,"29/05/2020",-0.3125
14,"30/05/2020",-0.2425
14,"31/05/2020",-0.27
14,"01/06/2020",-0.2975
14,"02/06/2020",-0.305
14,"03/06/2020",-0.3075
14,"04/06/2020",-0.3075
14,"05/06/2020",-0.29
14,"06/06/2020",-0.24
14,"07/06/2020",-0.2775
9,"15/02/2020",0.0425
9,"16/02/2020",0.06
9,"17/02/2020",0.0425
9,"18/02/2020",0.025
9,"19/02/2020",0.0175
9,"20/02/2020",0.02
9,"21/02/2020",0.035
9,"22/02/2020",0.0325
9,"23/02/2020",0.055
9,"24/02/2020",0.02
9,"25/02/2020",0.01
9,"26/02/2020",0.015
9,"27/02/2020",0.025
9,"28/02/2020",0.0675
9,"29/02/2020",0.0625
9,"01/03/2020",0.0725
9,"02/03/2020",0.0575
9,"03/03/2020",0.0425
9,"04/03/2020",0.035
9,"05/03/2020",0.03
9,"06/03/2020",0.035
9,"07/03/2020",0.025
9,"08/03/2020",0.0525
9,"09/03/2020",-0.1925
9,"10/03/2020",0.03
9,"11/03/2020",0.02
9,"12/03/2020",0.03
9,"13/03/2020",0.0375
9,"14/03/2020",0.0175
9,"15/03/2020",-0.0075
9,"16/03/2020",-0.33
9,"17/03/2020",-0.0625
9,"18/03/2020",-0.12
9,"19/03/2020",-0.1675
9,"20/03/2020",-0.1875
9,"21/03/2020",-0.2075
9,"22/03/2020",-0.225
9,"23/03/2020",-0.3075
9,"24/03/2020",-0.35
9,"25/03/2020",-0.375
9,"26/03/2020",-0.395
9,"27/03/2020",-0.3975
9,"28/03/2020",-0.32
9,"29/03/2020",-0.3425
9,"30/03/2020",-0.4
9,"31/03/2020",-0.4125
9,"01/04/2020",-0.43
9,"02/04/2020",-0.47
9,"03/04/2020",-0.4825
9,"04/04/2020",-0.42
9,"05/04/2020",-0.44
9,"06/04/2020",-0.5125
9,"07/04/2020",-0.5275
9,"08/04/2020",-0.52
9,"09/04/2020",-0.6025
9,"10/04/2020",-0.68
9,"11/04/2020",-0.5725
9,"12/04/2020",-0.5025
9,"13/04/2020",-0.525
9,"14/04/2020",-0.525
9,"15/04/2020",-0.5075
9,"16/04/2020",-0.5275
9,"17/04/2020",-0.525
9,"18/04/2020",-0.475
9,"19/04/2020",-0.465
9,"20/04/2020",-0.535
9,"21/04/2020",-0.56
9,"22/04/2020",-0.5625
9,"23/04/2020",-0.59
9,"24/04/2020",-0.5775
9,"25/04/2020",-0.51
9,"26/04/2020",-0.495
9,"27/04/2020",-0.565
9,"28/04/2020",-0.5725
9,"29/04/2020",-0.5525
9,"30/04/2020",-0.515
9,"01/05/2020",-0.6175
9,"02/05/2020",-0.49
9,"03/05/2020",-0.4825
9,"04/05/2020",-0.55
9,"05/05/2020",-0.5825
9,"06/05/2020",-0.585
9,"07/05/2020",-0.59
9,"08/05/2020",-0.585
9,"09/05/2020",-0.51
9,"10/05/2020",-0.4825
9,"11/05/2020",-0.5875
9,"12/05/2020",-0.5775
9,"13/05/2020",-0.575
9,"14/05/2020",-0.57
9,"15/05/2020",-0.5425
9,"16/05/2020",-0.4725
9,"17/05/2020",-0.4725
9,"18/05/2020",-0.545
9,"19/05/2020",-0.5575
9,"20/05/2020",-0.56
9,"21/05/2020",-0.5725
9,"22/05/2020",-0.5575
9,"23/05/2020",-0.4775
9,"24/05/2020",-0.4725
9,"25/05/2020",-0.54
9,"26/05/2020",-0.5575
9,"27/05/2020",-0.565
9,"28/05/2020",-0.565
9,"29/05/2020",-0.5225
9,"30/05/2020",-0.425
9,"31/05/2020",-0.4275
9,"01/06/2020",-0.4925
9,"02/06/2020",-0.515
9,"03/06/2020",-0.5225
9,"04/06/2020",-0.5275
9,"05/06/2020",-0.5125
9,"06/06/2020",-0.425
9,"07/06/2020",-0.4325
16,"15/02/2020",0.0125
16,"16/02/2020",0.0325
16,"17/02/2020",0.03
16,"18/02/2020",0.02
16,"19/02/2020",0.025
16,"20/02/2020",0.0125
16,"21/02/2020",0.005
16,"22/02/2020",-0.0075
16,"23/02/2020",0
16,"24/02/2020",0.0025
16,"25/02/2020",0.015
16,"26/02/2020",0.0125
16,"27/02/2020",0.0075
16,"28/02/2020",0.0325
16,"29/02/2020",0.03
16,"01/03/2020",0.0325
16,"02/03/2020",0.0225
16,"03/03/2020",0.01
16,"04/03/2020",0.03
16,"05/03/2020",0.0125
16,"06/03/2020",0.005
16,"07/03/2020",-0.0025
16,"08/03/2020",0.0075
16,"09/03/2020",-0.0725
16,"10/03/2020",0.0125
16,"11/03/2020",0.0175
16,"12/03/2020",0.02
16,"13/03/2020",0.0375
16,"14/03/2020",0.0675
16,"15/03/2020",0.005
16,"16/03/2020",-0.0825
16,"17/03/2020",-0.0025
16,"18/03/2020",-0.0525
16,"19/03/2020",-0.105
16,"20/03/2020",-0.1625
16,"21/03/2020",-0.135
16,"22/03/2020",-0.1975
16,"23/03/2020",-0.2275
16,"24/03/2020",-0.2425
16,"25/03/2020",-0.2575
16,"26/03/2020",-0.28
16,"27/03/2020",-0.305
16,"28/03/2020",-0.2375
16,"29/03/2020",-0.295
16,"30/03/2020",-0.285
16,"31/03/2020",-0.2625
16,"01/04/2020",-0.275
16,"02/04/2020",-0.3125
16,"03/04/2020",-0.335
16,"04/04/2020",-0.28
16,"05/04/2020",-0.3475
16,"06/04/2020",-0.34
16,"07/04/2020",-0.3325
16,"08/04/2020",-0.32
16,"09/04/2020",-0.41
16,"10/04/2020",-0.57
16,"11/04/2020",-0.4475
16,"12/04/2020",-0.4
16,"13/04/2020",-0.3475
16,"14/04/2020",-0.3475
16,"15/04/2020",-0.3225
16,"16/04/2020",-0.3425
16,"17/04/2020",-0.365
16,"18/04/2020",-0.3325
16,"19/04/2020",-0.38
16,"20/04/2020",-0.3875
16,"21/04/2020",-0.4175
16,"22/04/2020",-0.4225
16,"23/04/2020",-0.4275
16,"24/04/2020",-0.4325
16,"25/04/2020",-0.3725
16,"26/04/2020",-0.4125
16,"27/04/2020",-0.4075
16,"28/04/2020",-0.395
16,"29/04/2020",-0.3725
16,"30/04/2020",-0.3225
16,"01/05/2020",-0.455
16,"02/05/2020",-0.3425
16,"03/05/2020",-0.3825
16,"04/05/2020",-0.365
16,"05/05/2020",-0.3825
16,"06/05/2020",-0.3525
16,"07/05/2020",-0.365
16,"08/05/2020",-0.36
16,"09/05/2020",-0.25
16,"10/05/2020",-0.2825
16,"11/05/2020",-0.3575
16,"12/05/2020",-0.355
16,"13/05/2020",-0.3475
16,"14/05/2020",-0.3475
16,"15/05/2020",-0.325
16,"16/05/2020",-0.2775
16,"17/05/2020",-0.325
16,"18/05/2020",-0.32
16,"19/05/2020",-0.3325
16,"20/05/2020",-0.31
16,"21/05/2020",-0.3225
16,"22/05/2020",-0.3375
16,"23/05/2020",-0.2725
16,"24/05/2020",-0.3075
16,"25/05/2020",-0.315
16,"26/05/2020",-0.3275
16,"27/05/2020",-0.3125
16,"28/05/2020",-0.3175
16,"29/05/2020",-0.31
16,"30/05/2020",-0.23
16,"31/05/2020",-0.255
16,"01/06/2020",-0.26
16,"02/06/2020",-0.2725
16,"03/06/2020",-0.26
16,"04/06/2020",-0.275
16,"05/06/2020",-0.2825
16,"06/06/2020",-0.215
16,"07/06/2020",-0.24
17,"15/02/2020",0.0275
17,"16/02/2020",0.045
17,"17/02/2020",0.035
17,"18/02/2020",0.015
17,"19/02/2020",0.0175
17,"20/02/2020",0.0225
17,"21/02/2020",0.0525
17,"22/02/2020",0.06
17,"23/02/2020",0.105
17,"24/02/2020",0.03
17,"25/02/2020",0.0375
17,"26/02/2020",0.0325
17,"27/02/2020",0.05
17,"28/02/2020",0.075
17,"29/02/2020",0.065
17,"01/03/2020",0.085
17,"02/03/2020",0.0575
17,"03/03/2020",0.03
17,"04/03/2020",0.04
17,"05/03/2020",0.0425
17,"06/03/2020",0.0375
17,"07/03/2020",0.0075
17,"08/03/2020",0.02
17,"09/03/2020",-0.1025
17,"10/03/2020",0.0375
17,"11/03/2020",0.0275
17,"12/03/2020",0.04
17,"13/03/2020",0.0875
17,"14/03/2020",0.145
17,"15/03/2020",0.145
17,"16/03/2020",-0.0475
17,"17/03/2020",0.0375
17,"18/03/2020",-0.05
17,"19/03/2020",-0.09
17,"20/03/2020",-0.15
17,"21/03/2020",-0.145
17,"22/03/2020",-0.195
17,"23/03/2020",-0.195
17,"24/03/2020",-0.2275
17,"25/03/2020",-0.2375
17,"26/03/2020",-0.27
17,"27/03/2020",-0.2825
17,"28/03/2020",-0.2525
17,"29/03/2020",-0.285
17,"30/03/2020",-0.2775
17,"31/03/2020",-0.285
17,"01/04/2020",-0.295
17,"02/04/2020",-0.325
17,"03/04/2020",-0.3575
17,"04/04/2020",-0.3375
17,"05/04/2020",-0.3775
17,"06/04/2020",-0.36
17,"07/04/2020",-0.365
17,"08/04/2020",-0.3475
17,"09/04/2020",-0.39
17,"10/04/2020",-0.5275
17,"11/04/2020",-0.4525
17,"12/04/2020",-0.425
17,"13/04/2020",-0.3925
17,"14/04/2020",-0.3975
17,"15/04/2020",-0.3675
17,"16/04/2020",-0.3875
17,"17/04/2020",-0.4125
17,"18/04/2020",-0.4025
17,"19/04/2020",-0.4375
17,"20/04/2020",-0.42
17,"21/04/2020",-0.4325
17,"22/04/2020",-0.4425
17,"23/04/2020",-0.4525
17,"24/04/2020",-0.4625
17,"25/04/2020",-0.4275
17,"26/04/2020",-0.4625
17,"27/04/2020",-0.435
17,"28/04/2020",-0.4375
17,"29/04/2020",-0.4225
17,"30/04/2020",-0.3725
17,"01/05/2020",-0.4975
17,"02/05/2020",-0.4125
17,"03/05/2020",-0.4425
17,"04/05/2020",-0.42
17,"05/05/2020",-0.4425
17,"06/05/2020",-0.44
17,"07/05/2020",-0.45
17,"08/05/2020",-0.4625
17,"09/05/2020",-0.4
17,"10/05/2020",-0.4075
17,"11/05/2020",-0.4525
17,"12/05/2020",-0.445
17,"13/05/2020",-0.4325
17,"14/05/2020",-0.435
17,"15/05/2020",-0.4175
17,"16/05/2020",-0.3825
17,"17/05/2020",-0.4225
17,"18/05/2020",-0.4175
17,"19/05/2020",-0.425
17,"20/05/2020",-0.4225
17,"21/05/2020",-0.4325
17,"22/05/2020",-0.4375
17,"23/05/2020",-0.3925
17,"24/05/2020",-0.4175
17,"25/05/2020",-0.4125
17,"26/05/2020",-0.4225
17,"27/05/2020",-0.4325
17,"28/05/2020",-0.4225
17,"29/05/2020",-0.4075
17,"30/05/2020",-0.3425
17,"31/05/2020",-0.365
17,"01/06/2020",-0.3675
17,"02/06/2020",-0.3875
17,"03/06/2020",-0.3775
17,"04/06/2020",-0.3875
17,"05/06/2020",-0.3875
17,"06/06/2020",-0.34
17,"07/06/2020",-0.3725
18,"15/02/2020",0.025
18,"16/02/2020",0.03
18,"17/02/2020",0.035
18,"18/02/2020",0.0075
18,"19/02/2020",0.0125
18,"20/02/2020",0.005
18,"21/02/2020",0.035
18,"22/02/2020",-0.0025
18,"23/02/2020",-0.0125
18,"24/02/2020",0.0275
18,"25/02/2020",0.0125
18,"26/02/2020",0.005
18,"27/02/2020",0.0125
18,"28/02/2020",0.055
18,"29/02/2020",0.03
18,"01/03/2020",0.04
18,"02/03/2020",0.04
18,"03/03/2020",0.0125
18,"04/03/2020",0.025
18,"05/03/2020",0.02
18,"06/03/2020",0.055
18,"07/03/2020",0.0325
18,"08/03/2020",0.025
18,"09/03/2020",-0.0825
18,"10/03/2020",0.0125
18,"11/03/2020",0.0175
18,"12/03/2020",0.03
18,"13/03/2020",0.08
18,"14/03/2020",0.1225
18,"15/03/2020",0.055
18,"16/03/2020",-0.0475
18,"17/03/2020",0.01
18,"18/03/2020",-0.0725
18,"19/03/2020",-0.1375
18,"20/03/2020",-0.175
18,"21/03/2020",-0.18
18,"22/03/2020",-0.26
18,"23/03/2020",-0.2725
18,"24/03/2020",-0.3025
18,"25/03/2020",-0.32
18,"26/03/2020",-0.3325
18,"27/03/2020",-0.3375
18,"28/03/2020",-0.285
18,"29/03/2020",-0.335
18,"30/03/2020",-0.3275
18,"31/03/2020",-0.305
18,"01/04/2020",-0.32
18,"02/04/2020",-0.345
18,"03/04/2020",-0.37
18,"04/04/2020",-0.3225
18,"05/04/2020",-0.4075
18,"06/04/2020",-0.3975
18,"07/04/2020",-0.41
18,"08/04/2020",-0.4025
18,"09/04/2020",-0.51
18,"10/04/2020",-0.5925
18,"11/04/2020",-0.535
18,"12/04/2020",-0.495
18,"13/04/2020",-0.44
18,"14/04/2020",-0.4525
18,"15/04/2020",-0.425
18,"16/04/2020",-0.4425
18,"17/04/2020",-0.465
18,"18/04/2020",-0.4475
18,"19/04/2020",-0.495
18,"20/04/2020",-0.49
18,"21/04/2020",-0.5125
18,"22/04/2020",-0.505
18,"23/04/2020",-0.51
18,"24/04/2020",-0.5125
18,"25/04/2020",-0.475
18,"26/04/2020",-0.5125
18,"27/04/2020",-0.4925
18,"28/04/2020",-0.485
18,"29/04/2020",-0.4625
18,"30/04/2020",-0.4075
18,"01/05/2020",-0.5325
18,"02/05/2020",-0.44
18,"03/05/2020",-0.475
18,"04/05/2020",-0.4475
18,"05/05/2020",-0.4525
18,"06/05/2020",-0.4475
18,"07/05/2020",-0.46
18,"08/05/2020",-0.455
18,"09/05/2020",-0.4
18,"10/05/2020",-0.4225
18,"11/05/2020",-0.4625
18,"12/05/2020",-0.4525
18,"13/05/2020",-0.44
18,"14/05/2020",-0.45
18,"15/05/2020",-0.415
18,"16/05/2020",-0.385
18,"17/05/2020",-0.425
18,"18/05/2020",-0.3925
18,"19/05/2020",-0.42
18,"20/05/2020",-0.4
18,"21/05/2020",-0.415
18,"22/05/2020",-0.42
18,"23/05/2020",-0.3775
18,"24/05/2020",-0.415
18,"25/05/2020",-0.4125
18,"26/05/2020",-0.415
18,"27/05/2020",-0.415
18,"28/05/2020",-0.4125
18,"29/05/2020",-0.385
18,"30/05/2020",-0.3325
18,"31/05/2020",-0.36
18,"01/06/2020",-0.3425
18,"02/06/2020",-0.35
18,"03/06/2020",-0.35
18,"04/06/2020",-0.3625
18,"05/06/2020",-0.375
18,"06/06/2020",-0.3225
18,"07/06/2020",-0.345
19,"15/02/2020",0.0775
19,"16/02/2020",0.0675
19,"17/02/2020",0.085
19,"18/02/2020",0.0475
19,"19/02/2020",0.01
19,"20/02/2020",-0.01
19,"21/02/2020",0.02
19,"22/02/2020",0.0475
19,"23/02/2020",0.0425
19,"24/02/2020",0.07
19,"25/02/2020",0.0475
19,"26/02/2020",0.0225
19,"27/02/2020",0.0325
19,"28/02/2020",0.1125
19,"29/02/2020",0.1225
19,"01/03/2020",0.0975
19,"02/03/2020",0.1025
19,"03/03/2020",0.065
19,"04/03/2020",0.0475
19,"05/03/2020",0.0375
19,"06/03/2020",0.0725
19,"07/03/2020",0.0725
19,"08/03/2020",0.0625
19,"09/03/2020",-0.105
19,"10/03/2020",0.055
19,"11/03/2020",0.04
19,"12/03/2020",0.06
19,"13/03/2020",0.085
19,"14/03/2020",0.07
19,"15/03/2020",-0.015
19,"16/03/2020",-0.3025
19,"17/03/2020",-0.1025
19,"18/03/2020",-0.185
19,"19/03/2020",-0.235
19,"20/03/2020",-0.2525
19,"21/03/2020",-0.275
19,"22/03/2020",-0.3225
19,"23/03/2020",-0.3225
19,"24/03/2020",-0.345
19,"25/03/2020",-0.3775
19,"26/03/2020",-0.3825
19,"27/03/2020",-0.3525
19,"28/03/2020",-0.3075
19,"29/03/2020",-0.37
19,"30/03/2020",-0.35
19,"31/03/2020",-0.35
19,"01/04/2020",-0.345
19,"02/04/2020",-0.39
19,"03/04/2020",-0.3775
19,"04/04/2020",-0.3575
19,"05/04/2020",-0.4275
19,"06/04/2020",-0.4325
19,"07/04/2020",-0.45
19,"08/04/2020",-0.44
19,"09/04/2020",-0.5175
19,"10/04/2020",-0.6
19,"11/04/2020",-0.52
19,"12/04/2020",-0.4775
19,"13/04/2020",-0.45
19,"14/04/2020",-0.4525
19,"15/04/2020",-0.4525
19,"16/04/2020",-0.455
19,"17/04/2020",-0.4325
19,"18/04/2020",-0.4175
19,"19/04/2020",-0.455
19,"20/04/2020",-0.465
19,"21/04/2020",-0.4825
19,"22/04/2020",-0.4875
19,"23/04/2020",-0.49
19,"24/04/2020",-0.4625
19,"25/04/2020",-0.425
19,"26/04/2020",-0.485
19,"27/04/2020",-0.49
19,"28/04/2020",-0.5025
19,"29/04/2020",-0.475
19,"30/04/2020",-0.3775
19,"01/05/2020",-0.545
19,"02/05/2020",-0.4275
19,"03/05/2020",-0.4675
19,"04/05/2020",-0.445
19,"05/05/2020",-0.465
19,"06/05/2020",-0.4575
19,"07/05/2020",-0.4525
19,"08/05/2020",-0.435
19,"09/05/2020",-0.3575
19,"10/05/2020",-0.385
19,"11/05/2020",-0.455
19,"12/05/2020",-0.4475
19,"13/05/2020",-0.45
19,"14/05/2020",-0.4375
19,"15/05/2020",-0.38
19,"16/05/2020",-0.3425
19,"17/05/2020",-0.39
19,"18/05/2020",-0.4025
19,"19/05/2020",-0.4175
19,"20/05/2020",-0.4175
19,"21/05/2020",-0.425
19,"22/05/2020",-0.38
19,"23/05/2020",-0.3275
19,"24/05/2020",-0.38
19,"25/05/2020",-0.3925
19,"26/05/2020",-0.4225
19,"27/05/2020",-0.415
19,"28/05/2020",-0.4
19,"29/05/2020",-0.35
19,"30/05/2020",-0.28
19,"31/05/2020",-0.32
19,"01/06/2020",-0.3275
19,"02/06/2020",-0.355
19,"03/06/2020",-0.3675
19,"04/06/2020",-0.375
19,"05/06/2020",-0.34
19,"06/06/2020",-0.2775
19,"07/06/2020",-0.315
20,"15/02/2020",8.67361737988404e-19
20,"16/02/2020",0.015
20,"17/02/2020",0.0275
20,"18/02/2020",0.0075
20,"19/02/2020",0.0025
20,"20/02/2020",0
20,"21/02/2020",0
20,"22/02/2020",-0.0175
20,"23/02/2020",-0.02
20,"24/02/2020",0.0025
20,"25/02/2020",0
20,"26/02/2020",-0.0125
20,"27/02/2020",-0.02
20,"28/02/2020",0.03
20,"29/02/2020",0.0275
20,"01/03/2020",0.03
20,"02/03/2020",0.045
20,"03/03/2020",0.02
20,"04/03/2020",0.015
20,"05/03/2020",0
20,"06/03/2020",0.0025
20,"07/03/2020",-0.0175
20,"08/03/2020",-0.0175
20,"09/03/2020",-0.05
20,"10/03/2020",-3.46944695195361e-18
20,"11/03/2020",0.0075
20,"12/03/2020",0.0125
20,"13/03/2020",0.0425
20,"14/03/2020",0.03
20,"15/03/2020",-2.16840434497101e-18
20,"16/03/2020",-0.1025
20,"17/03/2020",0.0125
20,"18/03/2020",-0.0275
20,"19/03/2020",-0.065
20,"20/03/2020",-0.09
20,"21/03/2020",-0.1175
20,"22/03/2020",-0.175
20,"23/03/2020",-0.2225
20,"24/03/2020",-0.2525
20,"25/03/2020",-0.275
20,"26/03/2020",-0.3075
20,"27/03/2020",-0.31
20,"28/03/2020",-0.2725
20,"29/03/2020",-0.315
20,"30/03/2020",-0.2975
20,"31/03/2020",-0.3025
20,"01/04/2020",-0.32
20,"02/04/2020",-0.37
20,"03/04/2020",-0.3925
20,"04/04/2020",-0.3575
20,"05/04/2020",-0.4
20,"06/04/2020",-0.4
20,"07/04/2020",-0.3975
20,"08/04/2020",-0.41
20,"09/04/2020",-0.4775
20,"10/04/2020",-0.5925
20,"11/04/2020",-0.5025
20,"12/04/2020",-0.4725
20,"13/04/2020",-0.4225
20,"14/04/2020",-0.4275
20,"15/04/2020",-0.4075
20,"16/04/2020",-0.425
20,"17/04/2020",-0.4425
20,"18/04/2020",-0.4125
20,"19/04/2020",-0.4475
20,"20/04/2020",-0.4275
20,"21/04/2020",-0.4475
20,"22/04/2020",-0.4625
20,"23/04/2020",-0.4775
20,"24/04/2020",-0.4875
20,"25/04/2020",-0.445
20,"26/04/2020",-0.48
20,"27/04/2020",-0.46
20,"28/04/2020",-0.4525
20,"29/04/2020",-0.4325
20,"30/04/2020",-0.3925
20,"01/05/2020",-0.495
20,"02/05/2020",-0.41
20,"03/05/2020",-0.445
20,"04/05/2020",-0.4125
20,"05/05/2020",-0.44
20,"06/05/2020",-0.43
20,"07/05/2020",-0.44
20,"08/05/2020",-0.4275
20,"09/05/2020",-0.355
20,"10/05/2020",-0.3525
20,"11/05/2020",-0.43
20,"12/05/2020",-0.43
20,"13/05/2020",-0.42
20,"14/05/2020",-0.42
20,"15/05/2020",-0.39
20,"16/05/2020",-0.3525
20,"17/05/2020",-0.4075
20,"18/05/2020",-0.38
20,"19/05/2020",-0.41
20,"20/05/2020",-0.43
20,"21/05/2020",-0.4575
20,"22/05/2020",-0.4525
20,"23/05/2020",-0.41
20,"24/05/2020",-0.445
20,"25/05/2020",-0.4375
20,"26/05/2020",-0.455
20,"27/05/2020",-0.4525
20,"28/05/2020",-0.46
20,"29/05/2020",-0.435
20,"30/05/2020",-0.3725
20,"31/05/2020",-0.405
20,"01/06/2020",-0.4025
20,"02/06/2020",-0.425
20,"03/06/2020",-0.425
20,"04/06/2020",-0.44
20,"05/06/2020",-0.4425
20,"06/06/2020",-0.415
20,"07/06/2020",-0.4475
21,"15/02/2020",0.0525
21,"16/02/2020",0.05
21,"17/02/2020",0.0425
21,"18/02/2020",0.0225
21,"19/02/2020",0.025
21,"20/02/2020",0.0275
21,"21/02/2020",0.035
21,"22/02/2020",0.025
21,"23/02/2020",0.0175
21,"24/02/2020",0.0275
21,"25/02/2020",0.015
21,"26/02/2020",-0.005
21,"27/02/2020",0.015
21,"28/02/2020",0.0425
21,"29/02/2020",0.0625
21,"01/03/2020",0.06
21,"02/03/2020",0.0375
21,"03/03/2020",0.015
21,"04/03/2020",0.0275
21,"05/03/2020",0.025
21,"06/03/2020",0.025
21,"07/03/2020",0.0275
21,"08/03/2020",0.0325
21,"09/03/2020",-0.1275
21,"10/03/2020",0.02
21,"11/03/2020",0.0175
21,"12/03/2020",0.04
21,"13/03/2020",0.0225
21,"14/03/2020",0.065
21,"15/03/2020",0.005
21,"16/03/2020",-0.1525
21,"17/03/2020",-0.0025
21,"18/03/2020",-0.0475
21,"19/03/2020",-0.0775
21,"20/03/2020",-0.1325
21,"21/03/2020",-0.12
21,"22/03/2020",-0.18
21,"23/03/2020",-0.24
21,"24/03/2020",-0.2875
21,"25/03/2020",-0.305
21,"26/03/2020",-0.315
21,"27/03/2020",-0.3175
21,"28/03/2020",-0.2375
21,"29/03/2020",-0.29
21,"30/03/2020",-0.32
21,"31/03/2020",-0.33
21,"01/04/2020",-0.3325
21,"02/04/2020",-0.3625
21,"03/04/2020",-0.3775
21,"04/04/2020",-0.2975
21,"05/04/2020",-0.3475
21,"06/04/2020",-0.3775
21,"07/04/2020",-0.385
21,"08/04/2020",-0.375
21,"09/04/2020",-0.4125
21,"10/04/2020",-0.565
21,"11/04/2020",-0.4575
21,"12/04/2020",-0.4075
21,"13/04/2020",-0.3975
21,"14/04/2020",-0.3975
21,"15/04/2020",-0.375
21,"16/04/2020",-0.3875
21,"17/04/2020",-0.4025
21,"18/04/2020",-0.3575
21,"19/04/2020",-0.395
21,"20/04/2020",-0.435
21,"21/04/2020",-0.4425
21,"22/04/2020",-0.445
21,"23/04/2020",-0.4525
21,"24/04/2020",-0.455
21,"25/04/2020",-0.385
21,"26/04/2020",-0.4025
21,"27/04/2020",-0.44
21,"28/04/2020",-0.4425
21,"29/04/2020",-0.4175
21,"30/04/2020",-0.35
21,"01/05/2020",-0.4725
21,"02/05/2020",-0.3525
21,"03/05/2020",-0.3775
21,"04/05/2020",-0.4075
21,"05/05/2020",-0.43
21,"06/05/2020",-0.43
21,"07/05/2020",-0.43
21,"08/05/2020",-0.4125
21,"09/05/2020",-0.31
21,"10/05/2020",-0.305
21,"11/05/2020",-0.4375
21,"12/05/2020",-0.4325
21,"13/05/2020",-0.425
21,"14/05/2020",-0.41
21,"15/05/2020",-0.38
21,"16/05/2020",-0.335
21,"17/05/2020",-0.375
21,"18/05/2020",-0.3875
21,"19/05/2020",-0.3925
21,"20/05/2020",-0.39
21,"21/05/2020",-0.3975
21,"22/05/2020",-0.4025
21,"23/05/2020",-0.3425
21,"24/05/2020",-0.365
21,"25/05/2020",-0.385
21,"26/05/2020",-0.4
21,"27/05/2020",-0.3975
21,"28/05/2020",-0.4
21,"29/05/2020",-0.3625
21,"30/05/2020",-0.295
21,"31/05/2020",-0.32
21,"01/06/2020",-0.345
21,"02/06/2020",-0.3625
21,"03/06/2020",-0.3675
21,"04/06/2020",-0.37
21,"05/06/2020",-0.3675
21,"06/06/2020",-0.3075
21,"07/06/2020",-0.33
22,"15/02/2020",0.0625
22,"16/02/2020",0.0675
22,"17/02/2020",0.0625
22,"18/02/2020",0.045
22,"19/02/2020",0.045
22,"20/02/2020",0.035
22,"21/02/2020",0.04
22,"22/02/2020",0.0325
22,"23/02/2020",0.0425
22,"24/02/2020",0.0275
22,"25/02/2020",0.035
22,"26/02/2020",0.035
22,"27/02/2020",0.05
22,"28/02/2020",0.0825
22,"29/02/2020",0.0925
22,"01/03/2020",0.0925
22,"02/03/2020",0.0725
22,"03/03/2020",0.0675
22,"04/03/2020",0.0625
22,"05/03/2020",0.065
22,"06/03/2020",0.0525
22,"07/03/2020",0.0575
22,"08/03/2020",0.06
22,"09/03/2020",-0.1075
22,"10/03/2020",0.06
22,"11/03/2020",0.055
22,"12/03/2020",0.065
22,"13/03/2020",0.0475
22,"14/03/2020",0.08
22,"15/03/2020",0.0425
22,"16/03/2020",-0.22
22,"17/03/2020",0.025
22,"18/03/2020",-0.0925
22,"19/03/2020",-0.1325
22,"20/03/2020",-0.16
22,"21/03/2020",-0.1475
22,"22/03/2020",-0.2275
22,"23/03/2020",-0.2375
22,"24/03/2020",-0.265
22,"25/03/2020",-0.2775
22,"26/03/2020",-0.2875
22,"27/03/2020",-0.2875
22,"28/03/2020",-0.23
22,"29/03/2020",-0.2975
22,"30/03/2020",-0.2925
22,"31/03/2020",-0.3
22,"01/04/2020",-0.32
22,"02/04/2020",-0.335
22,"03/04/2020",-0.3425
22,"04/04/2020",-0.2975
22,"05/04/2020",-0.3625
22,"06/04/2020",-0.3925
22,"07/04/2020",-0.3825
22,"08/04/2020",-0.3675
22,"09/04/2020",-0.435
22,"10/04/2020",-0.5775
22,"11/04/2020",-0.475
22,"12/04/2020",-0.425
22,"13/04/2020",-0.395
22,"14/04/2020",-0.3925
22,"15/04/2020",-0.365
22,"16/04/2020",-0.3825
22,"17/04/2020",-0.3825
22,"18/04/2020",-0.3625
22,"19/04/2020",-0.395
22,"20/04/2020",-0.425
22,"21/04/2020",-0.4425
22,"22/04/2020",-0.4375
22,"23/04/2020",-0.445
22,"24/04/2020",-0.435
22,"25/04/2020",-0.385
22,"26/04/2020",-0.42
22,"27/04/2020",-0.4425
22,"28/04/2020",-0.44
22,"29/04/2020",-0.415
22,"30/04/2020",-0.3775
22,"01/05/2020",-0.4875
22,"02/05/2020",-0.3925
22,"03/05/2020",-0.42
22,"04/05/2020",-0.4275
22,"05/05/2020",-0.4525
22,"06/05/2020",-0.435
22,"07/05/2020",-0.45
22,"08/05/2020",-0.425
22,"09/05/2020",-0.3625
22,"10/05/2020",-0.375
22,"11/05/2020",-0.4425
22,"12/05/2020",-0.4325
22,"13/05/2020",-0.4375
22,"14/05/2020",-0.425
22,"15/05/2020",-0.3975
22,"16/05/2020",-0.3425
22,"17/05/2020",-0.385
22,"18/05/2020",-0.4025
22,"19/05/2020",-0.3925
22,"20/05/2020",-0.3875
22,"21/05/2020",-0.39
22,"22/05/2020",-0.385
22,"23/05/2020",-0.325
22,"24/05/2020",-0.36
22,"25/05/2020",-0.3825
22,"26/05/2020",-0.38
22,"27/05/2020",-0.375
22,"28/05/2020",-0.3625
22,"29/05/2020",-0.3425
22,"30/05/2020",-0.2675
22,"31/05/2020",-0.3
22,"01/06/2020",-0.335
22,"02/06/2020",-0.34
22,"03/06/2020",-0.3425
22,"04/06/2020",-0.345
22,"05/06/2020",-0.34
22,"06/06/2020",-0.2775
22,"07/06/2020",-0.315
23,"15/02/2020",0.0575
23,"16/02/2020",0.04
23,"17/02/2020",0.0475
23,"18/02/2020",0.0175
23,"19/02/2020",0.0175
23,"20/02/2020",0.0175
23,"21/02/2020",0.0175
23,"22/02/2020",0.0525
23,"23/02/2020",0.0275
23,"24/02/2020",-0.0125
23,"25/02/2020",-0.005
23,"26/02/2020",0.005
23,"27/02/2020",0.0125
23,"28/02/2020",0.035
23,"29/02/2020",0.06
23,"01/03/2020",0.025
23,"02/03/2020",0.0375
23,"03/03/2020",0.0075
23,"04/03/2020",0.015
23,"05/03/2020",0.02
23,"06/03/2020",-0.0025
23,"07/03/2020",0.015
23,"08/03/2020",-0.0025
23,"09/03/2020",-0.075
23,"10/03/2020",0.0025
23,"11/03/2020",0.0075
23,"12/03/2020",0.015
23,"13/03/2020",0.025
23,"14/03/2020",0.0425
23,"15/03/2020",-0.0125
23,"16/03/2020",-0.1475
23,"17/03/2020",-0.045
23,"18/03/2020",-0.08
23,"19/03/2020",-0.1175
23,"20/03/2020",-0.1725
23,"21/03/2020",-0.21
23,"22/03/2020",-0.3075
23,"23/03/2020",-0.3325
23,"24/03/2020",-0.38
23,"25/03/2020",-0.4125
23,"26/03/2020",-0.4375
23,"27/03/2020",-0.4575
23,"28/03/2020",-0.455
23,"29/03/2020",-0.52
23,"30/03/2020",-0.4875
23,"31/03/2020",-0.4975
23,"01/04/2020",-0.5175
23,"02/04/2020",-0.5375
23,"03/04/2020",-0.5625
23,"04/04/2020",-0.555
23,"05/04/2020",-0.605
23,"06/04/2020",-0.595
23,"07/04/2020",-0.61
23,"08/04/2020",-0.6125
23,"09/04/2020",-0.6425
23,"10/04/2020",-0.685
23,"11/04/2020",-0.645
23,"12/04/2020",-0.6525
23,"13/04/2020",-0.6275
23,"14/04/2020",-0.6375
23,"15/04/2020",-0.6175
23,"16/04/2020",-0.63
23,"17/04/2020",-0.6425
23,"18/04/2020",-0.6425
23,"19/04/2020",-0.67
23,"20/04/2020",-0.6625
23,"21/04/2020",-0.68
23,"22/04/2020",-0.6825
23,"23/04/2020",-0.6875
23,"24/04/2020",-0.6875
23,"25/04/2020",-0.675
23,"26/04/2020",-0.695
23,"27/04/2020",-0.6825
23,"28/04/2020",-0.68
23,"29/04/2020",-0.665
23,"30/04/2020",-0.6275
23,"01/05/2020",-0.685
23,"02/05/2020",-0.65
23,"03/05/2020",-0.67
23,"04/05/2020",-0.6575
23,"05/05/2020",-0.6675
23,"06/05/2020",-0.67
23,"07/05/2020",-0.675
23,"08/05/2020",-0.6675
23,"09/05/2020",-0.6475
23,"10/05/2020",-0.6475
23,"11/05/2020",-0.6725
23,"12/05/2020",-0.67
23,"13/05/2020",-0.67
23,"14/05/2020",-0.65
23,"15/05/2020",-0.6125
23,"16/05/2020",-0.6
23,"17/05/2020",-0.6325
23,"18/05/2020",-0.635
23,"19/05/2020",-0.6325
23,"20/05/2020",-0.6275
23,"21/05/2020",-0.6375
23,"22/05/2020",-0.6325
23,"23/05/2020",-0.625
23,"24/05/2020",-0.6375
23,"25/05/2020",-0.6325
23,"26/05/2020",-0.63
23,"27/05/2020",-0.6275
23,"28/05/2020",-0.625
23,"29/05/2020",-0.5925
23,"30/05/2020",-0.5575
23,"31/05/2020",-0.585
23,"01/06/2020",-0.5825
23,"02/06/2020",-0.6
23,"03/06/2020",-0.59
23,"04/06/2020",-0.625
23,"05/06/2020",-0.65
23,"06/06/2020",-0.55
23,"07/06/2020",-0.575
24,"15/02/2020",0.0375
24,"16/02/2020",0.0525
24,"17/02/2020",0.055
24,"18/02/2020",0.02
24,"19/02/2020",0.015
24,"20/02/2020",0.0125
24,"21/02/2020",0.005
24,"22/02/2020",0
24,"23/02/2020",0.02
24,"24/02/2020",0.0275
24,"25/02/2020",-0.0025
24,"26/02/2020",-0.0125
24,"27/02/2020",0.0175
24,"28/02/2020",0.065
24,"29/02/2020",0.07
24,"01/03/2020",0.085
24,"02/03/2020",0.0575
24,"03/03/2020",0.03
24,"04/03/2020",0.03
24,"05/03/2020",0.035
24,"06/03/2020",0.0275
24,"07/03/2020",0.0275
24,"08/03/2020",0.0325
24,"09/03/2020",-0.0875
24,"10/03/2020",0.0325
24,"11/03/2020",0.025
24,"12/03/2020",0.0475
24,"13/03/2020",0.0675
24,"14/03/2020",0.12
24,"15/03/2020",0.025
24,"16/03/2020",-0.115
24,"17/03/2020",0.0025
24,"18/03/2020",-0.055
24,"19/03/2020",-0.095
24,"20/03/2020",-0.1525
24,"21/03/2020",-0.16
24,"22/03/2020",-0.225
24,"23/03/2020",-0.255
24,"24/03/2020",-0.295
24,"25/03/2020",-0.3075
24,"26/03/2020",-0.3225
24,"27/03/2020",-0.325
24,"28/03/2020",-0.2725
24,"29/03/2020",-0.33
24,"30/03/2020",-0.3275
24,"31/03/2020",-0.335
24,"01/04/2020",-0.335
24,"02/04/2020",-0.37
24,"03/04/2020",-0.38
24,"04/04/2020",-0.3275
24,"05/04/2020",-0.375
24,"06/04/2020",-0.3975
24,"07/04/2020",-0.4025
24,"08/04/2020",-0.38
24,"09/04/2020",-0.465
24,"10/04/2020",-0.6025
24,"11/04/2020",-0.5
24,"12/04/2020",-0.445
24,"13/04/2020",-0.4175
24,"14/04/2020",-0.425
24,"15/04/2020",-0.39
24,"16/04/2020",-0.41
24,"17/04/2020",-0.42
24,"18/04/2020",-0.3975
24,"19/04/2020",-0.42
24,"20/04/2020",-0.435
24,"21/04/2020",-0.4525
24,"22/04/2020",-0.4475
24,"23/04/2020",-0.4525
24,"24/04/2020",-0.4525
24,"25/04/2020",-0.4025
24,"26/04/2020",-0.43
24,"27/04/2020",-0.4475
24,"28/04/2020",-0.4475
24,"29/04/2020",-0.42
24,"30/04/2020",-0.335
24,"01/05/2020",-0.505
24,"02/05/2020",-0.4075
24,"03/05/2020",-0.4225
24,"04/05/2020",-0.4275
24,"05/05/2020",-0.44
24,"06/05/2020",-0.43
24,"07/05/2020",-0.425
24,"08/05/2020",-0.42
24,"09/05/2020",-0.3325
24,"10/05/2020",-0.35
24,"11/05/2020",-0.43
24,"12/05/2020",-0.42
24,"13/05/2020",-0.415
24,"14/05/2020",-0.4
24,"15/05/2020",-0.385
24,"16/05/2020",-0.335
24,"17/05/2020",-0.37
24,"18/05/2020",-0.3775
24,"19/05/2020",-0.385
24,"20/05/2020",-0.375
24,"21/05/2020",-0.3825
24,"22/05/2020",-0.3925
24,"23/05/2020",-0.32
24,"24/05/2020",-0.35
24,"25/05/2020",-0.37
24,"26/05/2020",-0.38
24,"27/05/2020",-0.375
24,"28/05/2020",-0.37
24,"29/05/2020",-0.345
24,"30/05/2020",-0.2675
24,"31/05/2020",-0.2775
24,"01/06/2020",-0.2925
24,"02/06/2020",-0.3175
24,"03/06/2020",-0.31
24,"04/06/2020",-0.315
24,"05/06/2020",-0.325
24,"06/06/2020",-0.2525
24,"07/06/2020",-0.2675
25,"15/02/2020",0.0075
25,"16/02/2020",0.0275
25,"17/02/2020",0.0325
25,"18/02/2020",0.02
25,"19/02/2020",0.01
25,"20/02/2020",0.045
25,"21/02/2020",0.0575
25,"22/02/2020",0.0525
25,"23/02/2020",0.1
25,"24/02/2020",0.0275
25,"25/02/2020",0.015
25,"26/02/2020",0.0275
25,"27/02/2020",0.04
25,"28/02/2020",0.045
25,"29/02/2020",0.015
25,"01/03/2020",0.0325
25,"02/03/2020",0.0275
25,"03/03/2020",0.0125
25,"04/03/2020",0.0075
25,"05/03/2020",0.015
25,"06/03/2020",0
25,"07/03/2020",-0.0275
25,"08/03/2020",-0.01
25,"09/03/2020",-0.1325
25,"10/03/2020",0.0175
25,"11/03/2020",0.0025
25,"12/03/2020",0.0375
25,"13/03/2020",0.0625
25,"14/03/2020",0.07
25,"15/03/2020",0.0175
25,"16/03/2020",-0.14
25,"17/03/2020",0.0275
25,"18/03/2020",-0.04
25,"19/03/2020",-0.08
25,"20/03/2020",-0.1325
25,"21/03/2020",-0.1675
25,"22/03/2020",-0.2275
25,"23/03/2020",-0.2725
25,"24/03/2020",-0.3
25,"25/03/2020",-0.33
25,"26/03/2020",-0.3425
25,"27/03/2020",-0.355
25,"28/03/2020",-0.3025
25,"29/03/2020",-0.3425
25,"30/03/2020",-0.3425
25,"31/03/2020",-0.3425
25,"01/04/2020",-0.3475
25,"02/04/2020",-0.37
25,"03/04/2020",-0.405
25,"04/04/2020",-0.3525
25,"05/04/2020",-0.4075
25,"06/04/2020",-0.44
25,"07/04/2020",-0.445
25,"08/04/2020",-0.445
25,"09/04/2020",-0.54
25,"10/04/2020",-0.63
25,"11/04/2020",-0.58
25,"12/04/2020",-0.5125
25,"13/04/2020",-0.4925
25,"14/04/2020",-0.4875
25,"15/04/2020",-0.465
25,"16/04/2020",-0.48
25,"17/04/2020",-0.5
25,"18/04/2020",-0.495
25,"19/04/2020",-0.52
25,"20/04/2020",-0.525
25,"21/04/2020",-0.5525
25,"22/04/2020",-0.55
25,"23/04/2020",-0.5575
25,"24/04/2020",-0.5625
25,"25/04/2020",-0.52
25,"26/04/2020",-0.5425
25,"27/04/2020",-0.5425
25,"28/04/2020",-0.54
25,"29/04/2020",-0.5125
25,"30/04/2020",-0.44
25,"01/05/2020",-0.5975
25,"02/05/2020",-0.49
25,"03/05/2020",-0.515
25,"04/05/2020",-0.51
25,"05/05/2020",-0.5175
25,"06/05/2020",-0.5125
25,"07/05/2020",-0.5025
25,"08/05/2020",-0.495
25,"09/05/2020",-0.445
25,"10/05/2020",-0.465
25,"11/05/2020",-0.535
25,"12/05/2020",-0.5075
25,"13/05/2020",-0.51
25,"14/05/2020",-0.485
25,"15/05/2020",-0.4725
25,"16/05/2020",-0.425
25,"17/05/2020",-0.455
25,"18/05/2020",-0.465
25,"19/05/2020",-0.4575
25,"20/05/2020",-0.475
25,"21/05/2020",-0.4825
25,"22/05/2020",-0.4825
25,"23/05/2020",-0.42
25,"24/05/2020",-0.4575
25,"25/05/2020",-0.4775
25,"26/05/2020",-0.4825
25,"27/05/2020",-0.4925
25,"28/05/2020",-0.47
25,"29/05/2020",-0.455
25,"30/05/2020",-0.3825
25,"31/05/2020",-0.3975
25,"01/06/2020",-0.41
25,"02/06/2020",-0.4325
25,"03/06/2020",-0.44
25,"04/06/2020",-0.4375
25,"05/06/2020",-0.4475
25,"06/06/2020",-0.3875
25,"07/06/2020",-0.405
26,"15/02/2020",0.0225
26,"16/02/2020",0.0275
26,"17/02/2020",0.05
26,"18/02/2020",0.0275
26,"19/02/2020",0.015
26,"20/02/2020",0.02
26,"21/02/2020",0.0425
26,"22/02/2020",0.005
26,"23/02/2020",0.0125
26,"24/02/2020",-0.01
26,"25/02/2020",0.015
26,"26/02/2020",0.0275
26,"27/02/2020",0.0325
26,"28/02/2020",0.0725
26,"29/02/2020",0.0625
26,"01/03/2020",0.06
26,"02/03/2020",0.0425
26,"03/03/2020",0.0225
26,"04/03/2020",0.055
26,"05/03/2020",0.05
26,"06/03/2020",0.0625
26,"07/03/2020",0.04
26,"08/03/2020",-0.025
26,"09/03/2020",-0.0725
26,"10/03/2020",0.06
26,"11/03/2020",0.0475
26,"12/03/2020",0.0025
26,"13/03/2020",0.1125
26,"14/03/2020",0.1025
26,"15/03/2020",0.03
26,"16/03/2020",-0.0825
26,"17/03/2020",-0.015
26,"18/03/2020",-0.1975
26,"19/03/2020",-0.1775
26,"20/03/2020",-0.2025
26,"21/03/2020",-0.2025
26,"22/03/2020",-0.2875
26,"23/03/2020",-0.29
26,"24/03/2020",-0.3
26,"25/03/2020",-0.315
26,"26/03/2020",-0.3375
26,"27/03/2020",-0.34
26,"28/03/2020",-0.2925
26,"29/03/2020",-0.37
26,"30/03/2020",-0.3675
26,"31/03/2020",-0.36
26,"01/04/2020",-0.36
26,"02/04/2020",-0.3925
26,"03/04/2020",-0.415
26,"04/04/2020",-0.3825
26,"05/04/2020",-0.445
26,"06/04/2020",-0.455
26,"07/04/2020",-0.445
26,"08/04/2020",-0.42
26,"09/04/2020",-0.5
26,"10/04/2020",-0.5975
26,"11/04/2020",-0.55
26,"12/04/2020",-0.5
26,"13/04/2020",-0.55
26,"14/04/2020",-0.525
26,"15/04/2020",-0.505
26,"16/04/2020",-0.5
26,"17/04/2020",-0.5075
26,"18/04/2020",-0.48
26,"19/04/2020",-0.5075
26,"20/04/2020",-0.51
26,"21/04/2020",-0.515
26,"22/04/2020",-0.5075
26,"23/04/2020",-0.5075
26,"24/04/2020",-0.5125
26,"25/04/2020",-0.465
26,"26/04/2020",-0.4975
26,"27/04/2020",-0.5025
26,"28/04/2020",-0.48
26,"29/04/2020",-0.4475
26,"30/04/2020",-0.3825
26,"01/05/2020",-0.525
26,"02/05/2020",-0.4375
26,"03/05/2020",-0.465
26,"04/05/2020",-0.4475
26,"05/05/2020",-0.4475
26,"06/05/2020",-0.43
26,"07/05/2020",-0.4325
26,"08/05/2020",-0.4225
26,"09/05/2020",-0.34
26,"10/05/2020",-0.37
26,"11/05/2020",-0.46
26,"12/05/2020",-0.43
26,"13/05/2020",-0.435
26,"14/05/2020",-0.4225
26,"15/05/2020",-0.4075
26,"16/05/2020",-0.365
26,"17/05/2020",-0.4025
26,"18/05/2020",-0.415
26,"19/05/2020",-0.4075
26,"20/05/2020",-0.4025
26,"21/05/2020",-0.4125
26,"22/05/2020",-0.42
26,"23/05/2020",-0.35
26,"24/05/2020",-0.395
26,"25/05/2020",-0.4125
26,"26/05/2020",-0.41
26,"27/05/2020",-0.4175
26,"28/05/2020",-0.3975
26,"29/05/2020",-0.395
26,"30/05/2020",-0.3275
26,"31/05/2020",-0.36
26,"01/06/2020",-0.38
26,"02/06/2020",-0.375
26,"03/06/2020",-0.38
26,"04/06/2020",-0.3825
26,"05/06/2020",-0.3775
26,"06/06/2020",-0.3125
26,"07/06/2020",-0.3525
15,"15/02/2020",0.055
15,"16/02/2020",0.0525
15,"17/02/2020",0.0525
15,"18/02/2020",0.0425
15,"19/02/2020",0.04
15,"20/02/2020",0.0325
15,"21/02/2020",0.0425
15,"22/02/2020",0.0125
15,"23/02/2020",0.0125
15,"24/02/2020",0.025
15,"25/02/2020",0.0125
15,"26/02/2020",0.0225
15,"27/02/2020",0.04
15,"28/02/2020",0.0875
15,"29/02/2020",0.0575
15,"01/03/2020",0.055
15,"02/03/2020",0.035
15,"03/03/2020",0.0475
15,"04/03/2020",0.0475
15,"05/03/2020",0.0575
15,"06/03/2020",0.045
15,"07/03/2020",0.0325
15,"08/03/2020",0.04
15,"09/03/2020",-0.115
15,"10/03/2020",0.0425
15,"11/03/2020",0.035
15,"12/03/2020",0.0425
15,"13/03/2020",0.0525
15,"14/03/2020",0.0475
15,"15/03/2020",0.0075
15,"16/03/2020",-0.2225
15,"17/03/2020",-1.73472347597681e-18
15,"18/03/2020",-0.0525
15,"19/03/2020",-0.0725
15,"20/03/2020",-0.115
15,"21/03/2020",-0.12
15,"22/03/2020",-0.1475
15,"23/03/2020",-0.2225
15,"24/03/2020",-0.2575
15,"25/03/2020",-0.285
15,"26/03/2020",-0.3025
15,"27/03/2020",-0.295
15,"28/03/2020",-0.23
15,"29/03/2020",-0.2625
15,"30/03/2020",-0.305
15,"31/03/2020",-0.3025
15,"01/04/2020",-0.32
15,"02/04/2020",-0.345
15,"03/04/2020",-0.345
15,"04/04/2020",-0.28
15,"05/04/2020",-0.315
15,"06/04/2020",-0.3725
15,"07/04/2020",-0.38
15,"08/04/2020",-0.365
15,"09/04/2020",-0.425
15,"10/04/2020",-0.5575
15,"11/04/2020",-0.4575
15,"12/04/2020",-0.385
15,"13/04/2020",-0.39
15,"14/04/2020",-0.3875
15,"15/04/2020",-0.3625
15,"16/04/2020",-0.375
15,"17/04/2020",-0.385
15,"18/04/2020",-0.35
15,"19/04/2020",-0.3575
15,"20/04/2020",-0.4225
15,"21/04/2020",-0.445
15,"22/04/2020",-0.45
15,"23/04/2020",-0.4725
15,"24/04/2020",-0.47
15,"25/04/2020",-0.405
15,"26/04/2020",-0.4075
15,"27/04/2020",-0.465
15,"28/04/2020",-0.46
15,"29/04/2020",-0.435
15,"30/04/2020",-0.3775
15,"01/05/2020",-0.4925
15,"02/05/2020",-0.3825
15,"03/05/2020",-0.39
15,"04/05/2020",-0.445
15,"05/05/2020",-0.4625
15,"06/05/2020",-0.455
15,"07/05/2020",-0.4575
15,"08/05/2020",-0.4525
15,"09/05/2020",-0.37
15,"10/05/2020",-0.3525
15,"11/05/2020",-0.46
15,"12/05/2020",-0.4525
15,"13/05/2020",-0.445
15,"14/05/2020",-0.435
15,"15/05/2020",-0.41
15,"16/05/2020",-0.3375
15,"17/05/2020",-0.365
15,"18/05/2020",-0.425
15,"19/05/2020",-0.43
15,"20/05/2020",-0.425
15,"21/05/2020",-0.4325
15,"22/05/2020",-0.425
15,"23/05/2020",-0.345
15,"24/05/2020",-0.3575
15,"25/05/2020",-0.4225
15,"26/05/2020",-0.4325
15,"27/05/2020",-0.445
15,"28/05/2020",-0.4225
15,"29/05/2020",-0.385
15,"30/05/2020",-0.2875
15,"31/05/2020",-0.31
15,"01/06/2020",-0.3675
15,"02/06/2020",-0.385
15,"03/06/2020",-0.39
15,"04/06/2020",-0.3925
15,"05/06/2020",-0.38
15,"06/06/2020",-0.305
15,"07/06/2020",-0.3275
27,"15/02/2020",0.075
27,"16/02/2020",0.0825
27,"17/02/2020",0.1225
27,"18/02/2020",0.0975
27,"19/02/2020",0.075
27,"20/02/2020",0.075
27,"21/02/2020",0.08
27,"22/02/2020",0.005
27,"23/02/2020",0.02
27,"24/02/2020",0.095
27,"25/02/2020",0.085
27,"26/02/2020",0.03
27,"27/02/2020",-0.1
27,"28/02/2020",0.115
27,"29/02/2020",0.0775
27,"01/03/2020",0.075
27,"02/03/2020",0.1375
27,"03/03/2020",0.1075
27,"04/03/2020",0.09
27,"05/03/2020",0.085
27,"06/03/2020",0.095
27,"07/03/2020",0.02
27,"08/03/2020",0.0225
27,"09/03/2020",1.73472347597681e-18
27,"10/03/2020",0.105
27,"11/03/2020",0.0625
27,"12/03/2020",0.0925
27,"13/03/2020",0.125
27,"14/03/2020",0.1175
27,"15/03/2020",0.0325
27,"16/03/2020",-0.115
27,"17/03/2020",0.12
27,"18/03/2020",0.0525
27,"19/03/2020",0.02
27,"20/03/2020",-0.0525
27,"21/03/2020",-0.1325
27,"22/03/2020",-0.2475
27,"23/03/2020",-0.2475
27,"24/03/2020",-0.285
27,"25/03/2020",-0.3425
27,"26/03/2020",-0.36
27,"27/03/2020",-0.3425
27,"28/03/2020",-0.2975
27,"29/03/2020",-0.3675
27,"30/03/2020",-0.3425
27,"31/03/2020",-0.3525
27,"01/04/2020",-0.3525
27,"02/04/2020",-0.42
27,"03/04/2020",-0.44
27,"04/04/2020",-0.3925
27,"05/04/2020",-0.45
27,"06/04/2020",-0.455
27,"07/04/2020",-0.47
27,"08/04/2020",-0.485
27,"09/04/2020",-0.5375
27,"10/04/2020",-0.65
27,"11/04/2020",-0.5375
27,"12/04/2020",-0.4975
27,"13/04/2020",-0.4575
27,"14/04/2020",-0.46
27,"15/04/2020",-0.435
27,"16/04/2020",-0.4525
27,"17/04/2020",-0.465
27,"18/04/2020",-0.4525
27,"19/04/2020",-0.48
27,"20/04/2020",-0.4825
27,"21/04/2020",-0.51
27,"22/04/2020",-0.5625
27,"23/04/2020",-0.5725
27,"24/04/2020",-0.575
27,"25/04/2020",-0.535
27,"26/04/2020",-0.565
27,"27/04/2020",-0.5725
27,"28/04/2020",-0.56
27,"29/04/2020",-0.5375
27,"30/04/2020",-0.4725
27,"01/05/2020",-0.5825
27,"02/05/2020",-0.51
27,"03/05/2020",-0.5375
27,"04/05/2020",-0.525
27,"05/05/2020",-0.5575
27,"06/05/2020",-0.5575
27,"07/05/2020",-0.5475
27,"08/05/2020",-0.555
27,"09/05/2020",-0.8125
27,"10/05/2020",-0.7725
27,"11/05/2020",-0.535
27,"12/05/2020",-0.535
27,"13/05/2020",-0.535
27,"14/05/2020",-0.5275
27,"15/05/2020",-0.4925
27,"16/05/2020",-0.5125
27,"17/05/2020",-0.555
27,"18/05/2020",-0.485
27,"19/05/2020",-0.51
27,"20/05/2020",-0.5325
27,"21/05/2020",-0.5175
27,"22/05/2020",-0.505
27,"23/05/2020",-0.64
27,"24/05/2020",-0.655
27,"25/05/2020",-0.4875
27,"26/05/2020",-0.515
27,"27/05/2020",-0.515
27,"28/05/2020",-0.4925
27,"29/05/2020",-0.4525
27,"30/05/2020",-0.74
27,"31/05/2020",-0.7225
27,"01/06/2020",-0.4275
27,"02/06/2020",-0.4925
27,"03/06/2020",-0.5525
27,"04/06/2020",-0.5
27,"05/06/2020",-0.4825
27,"06/06/2020",-0.485
27,"07/06/2020",-0.505
28,"15/02/2020",0.0425
28,"16/02/2020",0.0575
28,"17/02/2020",0.045
28,"18/02/2020",0.0125
28,"19/02/2020",0.0025
28,"20/02/2020",-0.0075
28,"21/02/2020",0.005
28,"22/02/2020",0.005
28,"23/02/2020",0.02
28,"24/02/2020",0.0175
28,"25/02/2020",0.0025
28,"26/02/2020",-0.03
28,"27/02/2020",0.0125
28,"28/02/2020",0.0875
28,"29/02/2020",0.065
28,"01/03/2020",0.0775
28,"02/03/2020",0.055
28,"03/03/2020",0.035
28,"04/03/2020",0.045
28,"05/03/2020",0.0425
28,"06/03/2020",0.05
28,"07/03/2020",0.0425
28,"08/03/2020",0.0275
28,"09/03/2020",-0.0425
28,"10/03/2020",0.0225
28,"11/03/2020",0.0275
28,"12/03/2020",0.055
28,"13/03/2020",0.0875
28,"14/03/2020",0.0775
28,"15/03/2020",0.025
28,"16/03/2020",-0.105
28,"17/03/2020",-0.045
28,"18/03/2020",-0.1025
28,"19/03/2020",-0.1525
28,"20/03/2020",-0.175
28,"21/03/2020",-0.1975
28,"22/03/2020",-0.27
28,"23/03/2020",-0.2625
28,"24/03/2020",-0.295
28,"25/03/2020",-0.3175
28,"26/03/2020",-0.32
28,"27/03/2020",-0.3225
28,"28/03/2020",-0.29
28,"29/03/2020",-0.35
28,"30/03/2020",-0.3175
28,"31/03/2020",-0.3125
28,"01/04/2020",-0.3125
28,"02/04/2020",-0.3325
28,"03/04/2020",-0.3625
28,"04/04/2020",-0.3625
28,"05/04/2020",-0.415
28,"06/04/2020",-0.4
28,"07/04/2020",-0.4125
28,"08/04/2020",-0.4
28,"09/04/2020",-0.4625
28,"10/04/2020",-0.5525
28,"11/04/2020",-0.4825
28,"12/04/2020",-0.4625
28,"13/04/2020",-0.4225
28,"14/04/2020",-0.4125
28,"15/04/2020",-0.3875
28,"16/04/2020",-0.395
28,"17/04/2020",-0.4025
28,"18/04/2020",-0.3975
28,"19/04/2020",-0.43
28,"20/04/2020",-0.42
28,"21/04/2020",-0.4375
28,"22/04/2020",-0.4325
28,"23/04/2020",-0.4375
28,"24/04/2020",-0.4475
28,"25/04/2020",-0.4125
28,"26/04/2020",-0.4475
28,"27/04/2020",-0.455
28,"28/04/2020",-0.44
28,"29/04/2020",-0.41
28,"30/04/2020",-0.3175
28,"01/05/2020",-0.465
28,"02/05/2020",-0.38
28,"03/05/2020",-0.4325
28,"04/05/2020",-0.395
28,"05/05/2020",-0.405
28,"06/05/2020",-0.4
28,"07/05/2020",-0.3775
28,"08/05/2020",-0.3675
28,"09/05/2020",-0.2975
28,"10/05/2020",-0.3375
28,"11/05/2020",-0.405
28,"12/05/2020",-0.39
28,"13/05/2020",-0.375
28,"14/05/2020",-0.3675
28,"15/05/2020",-0.335
28,"16/05/2020",-0.3175
28,"17/05/2020",-0.37
28,"18/05/2020",-0.35
28,"19/05/2020",-0.3675
28,"20/05/2020",-0.3625
28,"21/05/2020",-0.3775
28,"22/05/2020",-0.3525
28,"23/05/2020",-0.2925
28,"24/05/2020",-0.365
28,"25/05/2020",-0.35
28,"26/05/2020",-0.375
28,"27/05/2020",-0.355
28,"28/05/2020",-0.345
28,"29/05/2020",-0.3325
28,"30/05/2020",-0.2575
28,"31/05/2020",-0.3225
28,"01/06/2020",-0.295
28,"02/06/2020",-0.315
28,"03/06/2020",-0.3125
28,"04/06/2020",-0.315
28,"05/06/2020",-0.31
28,"06/06/2020",-0.255
28,"07/06/2020",-0.3075
29,"15/02/2020",0.0525
29,"16/02/2020",0.0325
29,"17/02/2020",0.0525
29,"18/02/2020",0.025
29,"19/02/2020",0.0275
29,"20/02/2020",0.0525
29,"21/02/2020",0.0575
29,"22/02/2020",0.05
29,"23/02/2020",0.06
29,"24/02/2020",0.0475
29,"25/02/2020",0.0425
29,"26/02/2020",0.0175
29,"27/02/2020",0.0325
29,"28/02/2020",0.095
29,"29/02/2020",0.095
29,"01/03/2020",0.0875
29,"02/03/2020",0.07
29,"03/03/2020",0.0525
29,"04/03/2020",0.045
29,"05/03/2020",0.0375
29,"06/03/2020",0.055
29,"07/03/2020",0.0375
29,"08/03/2020",0.025
29,"09/03/2020",-0.08
29,"10/03/2020",0.035
29,"11/03/2020",0.0175
29,"12/03/2020",0.0275
29,"13/03/2020",0.06
29,"14/03/2020",0.09
29,"15/03/2020",0.0075
29,"16/03/2020",-0.13
29,"17/03/2020",-0.05
29,"18/03/2020",-0.12
29,"19/03/2020",-0.155
29,"20/03/2020",-0.2125
29,"21/03/2020",-0.1375
29,"22/03/2020",-0.2
29,"23/03/2020",-0.255
29,"24/03/2020",-0.2825
29,"25/03/2020",-0.2925
29,"26/03/2020",-0.31
29,"27/03/2020",-0.3
29,"28/03/2020",-0.21
29,"29/03/2020",-0.2625
29,"30/03/2020",-0.28
29,"31/03/2020",-0.2825
29,"01/04/2020",-0.2975
29,"02/04/2020",-0.3275
29,"03/04/2020",-0.335
29,"04/04/2020",-0.25
29,"05/04/2020",-0.2875
29,"06/04/2020",-0.325
29,"07/04/2020",-0.3375
29,"08/04/2020",-0.3225
29,"09/04/2020",-0.345
29,"10/04/2020",-0.55
29,"11/04/2020",-0.425
29,"12/04/2020",-0.3575
29,"13/04/2020",-0.3575
29,"14/04/2020",-0.36
29,"15/04/2020",-0.3375
29,"16/04/2020",-0.3475
29,"17/04/2020",-0.365
29,"18/04/2020",-0.305
29,"19/04/2020",-0.3475
29,"20/04/2020",-0.4125
29,"21/04/2020",-0.4075
29,"22/04/2020",-0.4
29,"23/04/2020",-0.405
29,"24/04/2020",-0.415
29,"25/04/2020",-0.345
29,"26/04/2020",-0.3625
29,"27/04/2020",-0.4025
29,"28/04/2020",-0.41
29,"29/04/2020",-0.3725
29,"30/04/2020",-0.31
29,"01/05/2020",-0.4275
29,"02/05/2020",-0.2975
29,"03/05/2020",-0.3225
29,"04/05/2020",-0.37
29,"05/05/2020",-0.39
29,"06/05/2020",-0.39
29,"07/05/2020",-0.3975
29,"08/05/2020",-0.375
29,"09/05/2020",-0.2425
29,"10/05/2020",-0.2425
29,"11/05/2020",-0.3775
29,"12/05/2020",-0.3825
29,"13/05/2020",-0.3775
29,"14/05/2020",-0.355
29,"15/05/2020",-0.3325
29,"16/05/2020",-0.245
29,"17/05/2020",-0.2975
29,"18/05/2020",-0.345
29,"19/05/2020",-0.35
29,"20/05/2020",-0.3525
29,"21/05/2020",-0.3625
29,"22/05/2020",-0.355
29,"23/05/2020",-0.2475
29,"24/05/2020",-0.2825
29,"25/05/2020",-0.3475
29,"26/05/2020",-0.3625
29,"27/05/2020",-0.3575
29,"28/05/2020",-0.3575
29,"29/05/2020",-0.3075
29,"30/05/2020",-0.19
29,"31/05/2020",-0.2175
29,"01/06/2020",-0.29
29,"02/06/2020",-0.31
29,"03/06/2020",-0.315
29,"04/06/2020",-0.3175
29,"05/06/2020",-0.3125
29,"06/06/2020",-0.2125
29,"07/06/2020",-0.2425
30,"15/02/2020",0.05
30,"16/02/2020",0.0725
30,"17/02/2020",0.075
30,"18/02/2020",0.0325
30,"19/02/2020",0.0425
30,"20/02/2020",0.0425
30,"21/02/2020",0.0325
30,"22/02/2020",0.015
30,"23/02/2020",0.055
30,"24/02/2020",0.0075
30,"25/02/2020",-0.0075
30,"26/02/2020",-0.135
30,"27/02/2020",0.0025
30,"28/02/2020",0.045
30,"29/02/2020",0.0425
30,"01/03/2020",0.0725
30,"02/03/2020",0.0725
30,"03/03/2020",0.0475
30,"04/03/2020",0.0525
30,"05/03/2020",0.04
30,"06/03/2020",0.0375
30,"07/03/2020",0.01
30,"08/03/2020",0.01
30,"09/03/2020",-0.04
30,"10/03/2020",0.035
30,"11/03/2020",0.02
30,"12/03/2020",0.0575
30,"13/03/2020",0.08
30,"14/03/2020",0.12
30,"15/03/2020",0.055
30,"16/03/2020",-0.0375
30,"17/03/2020",0.0575
30,"18/03/2020",-0.025
30,"19/03/2020",-0.045
30,"20/03/2020",-0.1
30,"21/03/2020",-0.13
30,"22/03/2020",-0.1975
30,"23/03/2020",-0.2125
30,"24/03/2020",-0.255
30,"25/03/2020",-0.2825
30,"26/03/2020",-0.2875
30,"27/03/2020",-0.31
30,"28/03/2020",-0.2575
30,"29/03/2020",-0.31
30,"30/03/2020",-0.2825
30,"31/03/2020",-0.2825
30,"01/04/2020",-0.295
30,"02/04/2020",-0.3225
30,"03/04/2020",-0.36
30,"04/04/2020",-0.3025
30,"05/04/2020",-0.3675
30,"06/04/2020",-0.3575
30,"07/04/2020",-0.3675
30,"08/04/2020",-0.3575
30,"09/04/2020",-0.4125
30,"10/04/2020",-0.5425
30,"11/04/2020",-0.4275
30,"12/04/2020",-0.41
30,"13/04/2020",-0.365
30,"14/04/2020",-0.3775
30,"15/04/2020",-0.3475
30,"16/04/2020",-0.355
30,"17/04/2020",-0.3825
30,"18/04/2020",-0.3525
30,"19/04/2020",-0.39
30,"20/04/2020",-0.385
30,"21/04/2020",-0.4075
30,"22/04/2020",-0.415
30,"23/04/2020",-0.4275
30,"24/04/2020",-0.4375
30,"25/04/2020",-0.37
30,"26/04/2020",-0.415
30,"27/04/2020",-0.4075
30,"28/04/2020",-0.4125
30,"29/04/2020",-0.3775
30,"30/04/2020",-0.295
30,"01/05/2020",-0.46
30,"02/05/2020",-0.3425
30,"03/05/2020",-0.3825
30,"04/05/2020",-0.3675
30,"05/05/2020",-0.3975
30,"06/05/2020",-0.405
30,"07/05/2020",-0.4025
30,"08/05/2020",-0.405
30,"09/05/2020",-0.37
30,"10/05/2020",-0.365
30,"11/05/2020",-0.4075
30,"12/05/2020",-0.405
30,"13/05/2020",-0.3975
30,"14/05/2020",-0.39
30,"15/05/2020",-0.375
30,"16/05/2020",-0.3275
30,"17/05/2020",-0.3775
30,"18/05/2020",-0.3575
30,"19/05/2020",-0.38
30,"20/05/2020",-0.385
30,"21/05/2020",-0.395
30,"22/05/2020",-0.41
30,"23/05/2020",-0.35
30,"24/05/2020",-0.3875
30,"25/05/2020",-0.385
30,"26/05/2020",-0.395
30,"27/05/2020",-0.3975
30,"28/05/2020",-0.39
30,"29/05/2020",-0.3775
30,"30/05/2020",-0.31
30,"31/05/2020",-0.3425
30,"01/06/2020",-0.3325
30,"02/06/2020",-0.36
30,"03/06/2020",-0.3875
30,"04/06/2020",-0.38
30,"05/06/2020",-0.3775
30,"06/06/2020",-0.32
30,"07/06/2020",-0.35
31,"15/02/2020",0.0375
31,"16/02/2020",0.0125
31,"17/02/2020",0.065
31,"18/02/2020",0.0375
31,"19/02/2020",0.0425
31,"20/02/2020",0.0475
31,"21/02/2020",0.0525
31,"22/02/2020",0.025
31,"23/02/2020",0
31,"24/02/2020",-0.025
31,"25/02/2020",-0.0725
31,"26/02/2020",0.015
31,"27/02/2020",0.0175
31,"28/02/2020",0.055
31,"29/02/2020",0.035
31,"01/03/2020",0.015
31,"02/03/2020",0.06
31,"03/03/2020",0.0275
31,"04/03/2020",0.04
31,"05/03/2020",0.035
31,"06/03/2020",0.0375
31,"07/03/2020",0.02
31,"08/03/2020",-0.01
31,"09/03/2020",-0.1075
31,"10/03/2020",0.035
31,"11/03/2020",0.045
31,"12/03/2020",0.0375
31,"13/03/2020",0.07
31,"14/03/2020",0.0575
31,"15/03/2020",-0.05
31,"16/03/2020",-0.2425
31,"17/03/2020",-0.1275
31,"18/03/2020",-0.195
31,"19/03/2020",-0.24
31,"20/03/2020",-0.285
31,"21/03/2020",-0.3075
31,"22/03/2020",-0.395
31,"23/03/2020",-0.3625
31,"24/03/2020",-0.395
31,"25/03/2020",-0.41
31,"26/03/2020",-0.4325
31,"27/03/2020",-0.425
31,"28/03/2020",-0.3975
31,"29/03/2020",-0.465
31,"30/03/2020",-0.43
31,"31/03/2020",-0.415
31,"01/04/2020",-0.48
31,"02/04/2020",-0.5225
31,"03/04/2020",-0.5375
31,"04/04/2020",-0.5325
31,"05/04/2020",-0.5825
31,"06/04/2020",-0.565
31,"07/04/2020",-0.5675
31,"08/04/2020",-0.565
31,"09/04/2020",-0.5925
31,"10/04/2020",-0.6925
31,"11/04/2020",-0.605
31,"12/04/2020",-0.59
31,"13/04/2020",-0.5625
31,"14/04/2020",-0.5675
31,"15/04/2020",-0.545
31,"16/04/2020",-0.5575
31,"17/04/2020",-0.5575
31,"18/04/2020",-0.5575
31,"19/04/2020",-0.585
31,"20/04/2020",-0.57
31,"21/04/2020",-0.59
31,"22/04/2020",-0.59
31,"23/04/2020",-0.59
31,"24/04/2020",-0.6275
31,"25/04/2020",-0.62
31,"26/04/2020",-0.64
31,"27/04/2020",-0.6225
31,"28/04/2020",-0.625
31,"29/04/2020",-0.595
31,"30/04/2020",-0.5425
31,"01/05/2020",-0.655
31,"02/05/2020",-0.59
31,"03/05/2020",-0.615
31,"04/05/2020",-0.59
31,"05/05/2020",-0.61
31,"06/05/2020",-0.6075
31,"07/05/2020",-0.6075
31,"08/05/2020",-0.5975
31,"09/05/2020",-0.5825
31,"10/05/2020",-0.565
31,"11/05/2020",-0.6025
31,"12/05/2020",-0.605
31,"13/05/2020",-0.595
31,"14/05/2020",-0.5875
31,"15/05/2020",-0.5525
31,"16/05/2020",-0.545
31,"17/05/2020",-0.5675
31,"18/05/2020",-0.5675
31,"19/05/2020",-0.575
31,"20/05/2020",-0.57
31,"21/05/2020",-0.58
31,"22/05/2020",-0.58
31,"23/05/2020",-0.5525
31,"24/05/2020",-0.5725
31,"25/05/2020",-0.565
31,"26/05/2020",-0.575
31,"27/05/2020",-0.565
31,"28/05/2020",-0.5625
31,"29/05/2020",-0.555
31,"30/05/2020",-0.5125
31,"31/05/2020",-0.5275
31,"01/06/2020",-0.5775
31,"02/06/2020",-0.62
31,"03/06/2020",-0.5575
31,"04/06/2020",-0.6225
31,"05/06/2020",-0.5975
31,"06/06/2020",-0.52
31,"07/06/2020",-0.5075
32,"15/02/2020",0.0075
32,"16/02/2020",0.0275
32,"17/02/2020",0.03
32,"18/02/2020",0
32,"19/02/2020",-0.0025
32,"20/02/2020",0.015
32,"21/02/2020",0.0225
32,"22/02/2020",-0.0175
32,"23/02/2020",-4.33680868994202e-19
32,"24/02/2020",-0.005
32,"25/02/2020",-0.02
32,"26/02/2020",-0.025
32,"27/02/2020",0.01
32,"28/02/2020",0.04
32,"29/02/2020",0.02
32,"01/03/2020",0.04
32,"02/03/2020",0.005
32,"03/03/2020",-0.0225
32,"04/03/2020",-0.0125
32,"05/03/2020",0.0075
32,"06/03/2020",0
32,"07/03/2020",-0.0175
32,"08/03/2020",-0.0175
32,"09/03/2020",-0.0975
32,"10/03/2020",-0.01
32,"11/03/2020",-0.0125
32,"12/03/2020",0.02
32,"13/03/2020",0.0425
32,"14/03/2020",0.055
32,"15/03/2020",-0.0075
32,"16/03/2020",-0.1175
32,"17/03/2020",0.02
32,"18/03/2020",-0.0325
32,"19/03/2020",-0.045
32,"20/03/2020",-0.1325
32,"21/03/2020",-0.195
32,"22/03/2020",-0.3025
32,"23/03/2020",-0.3225
32,"24/03/2020",-0.355
32,"25/03/2020",-0.3775
32,"26/03/2020",-0.385
32,"27/03/2020",-0.3925
32,"28/03/2020",-0.31
32,"29/03/2020",-0.37
32,"30/03/2020",-0.375
32,"31/03/2020",-0.3675
32,"01/04/2020",-0.385
32,"02/04/2020",-0.4125
32,"03/04/2020",-0.43
32,"04/04/2020",-0.3725
32,"05/04/2020",-0.4225
32,"06/04/2020",-0.435
32,"07/04/2020",-0.43
32,"08/04/2020",-0.41
32,"09/04/2020",-0.5
32,"10/04/2020",-0.64
32,"11/04/2020",-0.5025
32,"12/04/2020",-0.47
32,"13/04/2020",-0.4325
32,"14/04/2020",-0.4325
32,"15/04/2020",-0.4125
32,"16/04/2020",-0.4375
32,"17/04/2020",-0.4525
32,"18/04/2020",-0.4025
32,"19/04/2020",-0.435
32,"20/04/2020",-0.445
32,"21/04/2020",-0.465
32,"22/04/2020",-0.4825
32,"23/04/2020",-0.4925
32,"24/04/2020",-0.49
32,"25/04/2020",-0.4275
32,"26/04/2020",-0.4775
32,"27/04/2020",-0.4825
32,"28/04/2020",-0.475
32,"29/04/2020",-0.46
32,"30/04/2020",-0.3975
32,"01/05/2020",-0.5225
32,"02/05/2020",-0.41
32,"03/05/2020",-0.4575
32,"04/05/2020",-0.45
32,"05/05/2020",-0.47
32,"06/05/2020",-0.445
32,"07/05/2020",-0.4525
32,"08/05/2020",-0.45
32,"09/05/2020",-0.3325
32,"10/05/2020",-0.3875
32,"11/05/2020",-0.4525
32,"12/05/2020",-0.4425
32,"13/05/2020",-0.4525
32,"14/05/2020",-0.4275
32,"15/05/2020",-0.405
32,"16/05/2020",-0.3575
32,"17/05/2020",-0.3675
32,"18/05/2020",-0.4075
32,"19/05/2020",-0.4075
32,"20/05/2020",-0.4175
32,"21/05/2020",-0.4075
32,"22/05/2020",-0.415
32,"23/05/2020",-0.3475
32,"24/05/2020",-0.35
32,"25/05/2020",-0.3925
32,"26/05/2020",-0.4025
32,"27/05/2020",-0.4
32,"28/05/2020",-0.39
32,"29/05/2020",-0.365
32,"30/05/2020",-0.2675
32,"31/05/2020",-0.265
32,"01/06/2020",-0.3225
32,"02/06/2020",-0.325
32,"03/06/2020",-0.3275
32,"04/06/2020",-0.335
32,"05/06/2020",-0.3375
32,"06/06/2020",-0.2375
32,"07/06/2020",-0.2725
